paidparkingarea,hour_of_day,day_of_week,avg_occupancy_rate
12th Avenue,8,0,0.18133503401360546
12th Avenue,8,1,0.18287273242630384
12th Avenue,8,5,0.1035790435577216
12th Avenue,9,0,0.15693310657596374
12th Avenue,9,1,0.22312074829931974
12th Avenue,9,5,0.1593603256408291
12th Avenue,10,0,0.15616071428571426
12th Avenue,10,1,0.2721173469387755
12th Avenue,10,5,0.15332482993197277
12th Avenue,11,0,0.22475907029478456
12th Avenue,11,1,0.33880527210884354
12th Avenue,11,5,0.2008047179912349
12th Avenue,12,0,0.3495819160997732
12th Avenue,12,1,0.43987386621315194
12th Avenue,12,5,0.18831711646407198
12th Avenue,13,0,0.3764115646258503
12th Avenue,13,1,0.37166241496598634
12th Avenue,13,5,0.19313012616394074
12th Avenue,14,0,0.26394132653061225
12th Avenue,14,1,0.32784580498866217
12th Avenue,14,5,0.30012460332141344
12th Avenue,15,0,0.20353458049886622
12th Avenue,15,1,0.1965235260770975
12th Avenue,15,5,0.26685700111390537
12th Avenue,16,0,0.19122165532879817
12th Avenue,16,1,0.2364143990929705
12th Avenue,16,5,0.19362504874208294
12th Avenue,17,0,0.18380668934240366
12th Avenue,17,1,0.3201303854875283
12th Avenue,17,5,0.2297542749976703
12th Avenue,18,0,0.35019416099773243
12th Avenue,18,1,0.3292573696145124
12th Avenue,18,5,0.3226852564925341
12th Avenue,19,0,0.3296485260770975
12th Avenue,19,1,0.3483418367346939
12th Avenue,19,5,0.3495868542364777
15th Avenue E,8,0,0.14212962962962963
15th Avenue E,8,1,0.1619431216931217
15th Avenue E,8,5,0.12899247400109468
15th Avenue E,9,0,0.3511626984126984
15th Avenue E,9,1,0.38163492063492066
15th Avenue E,9,5,0.20830829908624243
15th Avenue E,10,0,0.40977380952380954
15th Avenue E,10,1,0.3131785714285714
15th Avenue E,10,5,0.26771065797055893
15th Avenue E,11,0,0.3466640211640212
15th Avenue E,11,1,0.37183597883597885
15th Avenue E,11,5,0.34455529319165684
15th Avenue E,12,0,0.2493584656084656
15th Avenue E,12,1,0.20855555555555555
15th Avenue E,12,5,0.3096614849796668
15th Avenue E,13,0,0.3495568783068783
15th Avenue E,13,1,0.19598280423280423
15th Avenue E,13,5,0.3420736973739954
15th Avenue E,14,0,0.33130423280423277
15th Avenue E,14,1,0.3248835978835979
15th Avenue E,14,5,0.41469266545472383
15th Avenue E,15,0,0.27715873015873016
15th Avenue E,15,1,0.3850753968253968
15th Avenue E,15,5,0.32071428571428573
15th Avenue E,16,0,0.28698677248677246
15th Avenue E,16,1,0.36989285714285713
15th Avenue E,16,5,0.22499206349206347
15th Avenue E,17,0,0.34670502645502643
15th Avenue E,17,1,0.37291798941798937
15th Avenue E,17,5,0.3216579680437296
15th Avenue E,18,0,0.3638478835978836
15th Avenue E,18,1,0.3934179894179894
15th Avenue E,18,5,0.3982921647169118
15th Avenue E,19,0,0.39494312169312173
15th Avenue E,19,1,0.3698769841269841
15th Avenue E,19,5,0.32916911166386986
Ballard,8,0,0.18698461735620395
Ballard,8,1,0.21270490220750016
Ballard,8,5,0.1053058896234835
Ballard,9,0,0.340878647074344
Ballard,9,1,0.32174999172922303
Ballard,9,5,0.23324911581832575
Ballard,10,0,0.3589306479986678
Ballard,10,1,0.46757315360057033
Ballard,10,5,0.4278873900629166
Ballard,11,0,0.4213013311497478
Ballard,11,1,0.450082479725135
Ballard,11,5,0.5536333567681028
Ballard,12,0,0.4626679264417905
Ballard,12,1,0.4214907689529019
Ballard,12,5,0.5666301025943984
Ballard,13,0,0.45322258149641115
Ballard,13,1,0.45240037269776345
Ballard,13,5,0.6243540368924354
Ballard,14,0,0.42098150540386975
Ballard,14,1,0.42238346748692546
Ballard,14,5,0.6526895448244384
Ballard,15,0,0.4441352259265211
Ballard,15,1,0.4077774326095025
Ballard,15,5,0.6062157147592026
Ballard,16,0,0.4392104056931202
Ballard,16,1,0.39961529765586196
Ballard,16,5,0.5661151403739446
Ballard,17,0,0.4302659972229322
Ballard,17,1,0.4264912030450848
Ballard,17,5,0.560778135344613
Ballard,18,0,0.4751250444660945
Ballard,18,1,0.4667499742130966
Ballard,18,5,0.581592350205018
Ballard,19,0,0.4071893406494679
Ballard,19,1,0.4636832990967003
Ballard,19,5,0.5790216817985496
Ballard Blocks,8,0,0.1145149051490515
Ballard Blocks,8,1,0.07652574525745258
Ballard Blocks,8,5,0.10301761517615175
Ballard Blocks,9,0,0.2617642276422764
Ballard Blocks,9,1,0.14429132791327912
Ballard Blocks,9,5,0.3028319783197832
Ballard Blocks,10,0,0.2864891598915989
Ballard Blocks,10,1,0.3152140921409214
Ballard Blocks,10,5,0.3945840108401084
Ballard Blocks,11,0,0.37665853658536586
Ballard Blocks,11,1,0.37305555555555553
Ballard Blocks,11,5,0.3442371273712737
Ballard Blocks,12,0,0.33002710027100274
Ballard Blocks,12,1,0.38622764227642276
Ballard Blocks,12,5,0.3693211382113821
Ballard Blocks,13,0,0.4039390243902439
Ballard Blocks,13,1,0.4665081300813007
Ballard Blocks,13,5,0.20176964769647696
Ballard Blocks,14,0,0.2314552845528455
Ballard Blocks,14,1,0.3895934959349594
Ballard Blocks,14,5,0.32139962350410106
Ballard Blocks,15,0,0.3011422764227642
Ballard Blocks,15,1,0.288059620596206
Ballard Blocks,15,5,0.5366341463414634
Ballard Blocks,16,0,0.2938360433604336
Ballard Blocks,16,1,0.2844024390243902
Ballard Blocks,16,5,0.3413671283223521
Ballard Blocks,17,0,0.3600528455284553
Ballard Blocks,17,1,0.13155420054200542
Ballard Blocks,17,5,0.22957430361188857
Ballard Blocks,18,0,0.3116368563685637
Ballard Blocks,18,1,0.18894037940379405
Ballard Blocks,18,5,0.11543380425607536
Ballard Blocks,19,0,0.07088211382113821
Ballard Blocks,19,1,0.054146341463414634
Ballard Blocks,19,5,0.05246070460704607
Ballard Locks,8,0,0.05300925925925924
Ballard Locks,8,1,0.024537037037037038
Ballard Locks,8,5,0.04409722222222222
Ballard Locks,9,0,0.10972222222222222
Ballard Locks,9,1,0.11574074074074073
Ballard Locks,9,5,0.18600643382352944
Ballard Locks,10,0,0.24444444444444446
Ballard Locks,10,1,0.25069444444444444
Ballard Locks,10,5,0.433449074074074
Ballard Locks,11,0,0.4216435185185185
Ballard Locks,11,1,0.44930555555555557
Ballard Locks,11,5,0.90625
Ballard Locks,12,0,0.499074074074074
Ballard Locks,12,1,0.6550925925925924
Ballard Locks,12,5,0.9930555555555556
Ballard Locks,13,0,0.4876157407407407
Ballard Locks,13,1,0.7534722222222222
Ballard Locks,13,5,1.0
Ballard Locks,14,0,0.4670138888888889
Ballard Locks,14,1,0.6719907407407406
Ballard Locks,14,5,1.0
Ballard Locks,15,0,0.38506944444444446
Ballard Locks,15,1,0.6092592592592593
Ballard Locks,15,5,1.0
Ballard Locks,16,0,0.28958333333333336
Ballard Locks,16,1,0.4810185185185185
Ballard Locks,16,5,1.0
Ballard Locks,17,0,0.18854166666666666
Ballard Locks,17,1,0.3803240740740741
Ballard Locks,17,5,0.9719945355191257
Ballard Locks,18,0,0.17083333333333334
Ballard Locks,18,1,0.3136574074074074
Ballard Locks,18,5,0.7248842592592593
Ballard Locks,19,0,0.1644675925925926
Ballard Locks,19,1,0.3046296296296297
Ballard Locks,19,5,0.29259259259259257
Belltown,8,0,0.16501156131507128
Belltown,8,1,0.16583713026960822
Belltown,8,5,0.1295951164017066
Belltown,9,0,0.2545801765965747
Belltown,9,1,0.2805821378116978
Belltown,9,5,0.24635321648781772
Belltown,10,0,0.3455111394149002
Belltown,10,1,0.39431173373765444
Belltown,10,5,0.3586528644645517
Belltown,11,0,0.4367459847058257
Belltown,11,1,0.4877476092246205
Belltown,11,5,0.42355233221021493
Belltown,12,0,0.46861117664575586
Belltown,12,1,0.5022024735169132
Belltown,12,5,0.45516246780926545
Belltown,13,0,0.4472675941795011
Belltown,13,1,0.47625718500202097
Belltown,13,5,0.48191745059746016
Belltown,14,0,0.4024919838374458
Belltown,14,1,0.39713124780965386
Belltown,14,5,0.49811246579393204
Belltown,15,0,0.34048900355850903
Belltown,15,1,0.34853548507156545
Belltown,15,5,0.5243668028551932
Belltown,16,0,0.3257038963492756
Belltown,16,1,0.35470370829406983
Belltown,16,5,0.5094351372452295
Belltown,17,0,0.3302008291123488
Belltown,17,1,0.3728459233689121
Belltown,17,5,0.5208404566917465
Belltown,18,0,0.3290941288291555
Belltown,18,1,0.4060655226259041
Belltown,18,5,0.5166682789599502
Belltown,19,0,0.2922555260600567
Belltown,19,1,0.41089219012843436
Belltown,19,5,0.5060370720761029
Capitol Hill,8,0,0.11159263337518915
Capitol Hill,8,1,0.08269150528262659
Capitol Hill,8,5,0.11352165486132662
Capitol Hill,9,0,0.17702531782088382
Capitol Hill,9,1,0.19383789403642077
Capitol Hill,9,5,0.2322883062769526
Capitol Hill,10,0,0.2691824496303865
Capitol Hill,10,1,0.2993442802973176
Capitol Hill,10,5,0.33618880553492636
Capitol Hill,11,0,0.29028443234052376
Capitol Hill,11,1,0.29543094614870885
Capitol Hill,11,5,0.4518171438031555
Capitol Hill,12,0,0.38413955918456644
Capitol Hill,12,1,0.33714504651023547
Capitol Hill,12,5,0.4722021014786481
Capitol Hill,13,0,0.39384725435310913
Capitol Hill,13,1,0.27922339040072575
Capitol Hill,13,5,0.5349847140412851
Capitol Hill,14,0,0.3498370638253284
Capitol Hill,14,1,0.28300377947441663
Capitol Hill,14,5,0.4855558350602069
Capitol Hill,15,0,0.2847375239051727
Capitol Hill,15,1,0.2851571367049206
Capitol Hill,15,5,0.38123658993915877
Capitol Hill,16,0,0.21578895030284748
Capitol Hill,16,1,0.3243347306315145
Capitol Hill,16,5,0.4271547198330834
Capitol Hill,17,0,0.2764608978215202
Capitol Hill,17,1,0.3273241698312719
Capitol Hill,17,5,0.4687074560586319
Capitol Hill,18,0,0.35580352837713697
Capitol Hill,18,1,0.4264668694405234
Capitol Hill,18,5,0.4890184178603016
Capitol Hill,19,0,0.40262129908291877
Capitol Hill,19,1,0.5380414532264475
Capitol Hill,19,5,0.5243080632682643
Capitol Hill,20,0,0.3748856771511455
Capitol Hill,20,1,0.4631563541770812
Capitol Hill,20,5,0.5291999180951974
Capitol Hill,21,0,0.2908760297840989
Capitol Hill,21,1,0.27724646358778776
Capitol Hill,21,5,0.3786142390374596
Cherry Hill,8,0,0.08344541910331384
Cherry Hill,8,1,0.20410087719298248
Cherry Hill,8,5,0.037037037037037035
Cherry Hill,9,0,0.0957041910331384
Cherry Hill,9,1,0.22407651072124757
Cherry Hill,9,5,0.1093827160493827
Cherry Hill,10,0,0.1502217348927875
Cherry Hill,10,1,0.24578460038986355
Cherry Hill,10,5,0.10902651285164948
Cherry Hill,11,0,0.17945906432748537
Cherry Hill,11,1,0.20758284600389862
Cherry Hill,11,5,0.08271604938271605
Cherry Hill,12,0,0.15643518518518518
Cherry Hill,12,1,0.11055068226120857
Cherry Hill,12,5,0.08814814814814814
Cherry Hill,13,0,0.24779239766081873
Cherry Hill,13,1,0.13043615984405457
Cherry Hill,13,5,0.0815826755717466
Cherry Hill,14,0,0.2353630604288499
Cherry Hill,14,1,0.14946637426900586
Cherry Hill,14,5,0.07518518518518517
Cherry Hill,15,0,0.16722709551656922
Cherry Hill,15,1,0.1638840155945419
Cherry Hill,15,5,0.06358024691358023
Cherry Hill,16,0,0.13568957115009747
Cherry Hill,16,1,0.09152290448343078
Cherry Hill,16,5,0.037037037037037035
Cherry Hill,17,0,0.07937134502923976
Cherry Hill,17,1,0.03787037037037036
Cherry Hill,17,5,0.017654320987654317
Cherry Hill,18,0,0.02971247563352826
Cherry Hill,18,1,0.04514619883040935
Cherry Hill,18,5,0.011111111111111108
Cherry Hill,19,0,0.048070175438596485
Cherry Hill,19,1,0.02368421052631579
Cherry Hill,19,5,0.03580246913580246
Chinatown/ID,8,0,0.08002017549560285
Chinatown/ID,8,1,0.08113756139397164
Chinatown/ID,8,5,0.049981789618450345
Chinatown/ID,9,0,0.10955506328903764
Chinatown/ID,9,1,0.14896272609947822
Chinatown/ID,9,5,0.17992361235383442
Chinatown/ID,10,0,0.13094145941902352
Chinatown/ID,10,1,0.2033498372868031
Chinatown/ID,10,5,0.37020028925669074
Chinatown/ID,11,0,0.1731989146892993
Chinatown/ID,11,1,0.2530235934135507
Chinatown/ID,11,5,0.48761860415200703
Chinatown/ID,12,0,0.2779482538670573
Chinatown/ID,12,1,0.3210596079292661
Chinatown/ID,12,5,0.5273346796705215
Chinatown/ID,13,0,0.2860289739937176
Chinatown/ID,13,1,0.23687247265238717
Chinatown/ID,13,5,0.5335384928286729
Chinatown/ID,14,0,0.2470555979316663
Chinatown/ID,14,1,0.1778292938068579
Chinatown/ID,14,5,0.5147190367423282
Chinatown/ID,15,0,0.20487036764280353
Chinatown/ID,15,1,0.12300767489870054
Chinatown/ID,15,5,0.4324396686138104
Chinatown/ID,16,0,0.18398952701303126
Chinatown/ID,16,1,0.15023984918215688
Chinatown/ID,16,5,0.3643442743834061
Chinatown/ID,17,0,0.24558606951769343
Chinatown/ID,17,1,0.2659044473253875
Chinatown/ID,17,5,0.4310502416536978
Chinatown/ID,18,0,0.38214459646083576
Chinatown/ID,18,1,0.36674501029201884
Chinatown/ID,18,5,0.5359913144734076
Chinatown/ID,19,0,0.4161194722893441
Chinatown/ID,19,1,0.37675723967390634
Chinatown/ID,19,5,0.5177483296799323
Columbia City,8,0,0.07059009265588213
Columbia City,8,1,0.10393789397736765
Columbia City,8,5,0.15189481123324955
Columbia City,9,0,0.1819691273638642
Columbia City,9,1,0.19315784410521253
Columbia City,9,5,0.3295169173043926
Columbia City,10,0,0.28976264524948736
Columbia City,10,1,0.24360489607858027
Columbia City,10,5,0.37858802562187316
Columbia City,11,0,0.2955568340042024
Columbia City,11,1,0.3228446431735905
Columbia City,11,5,0.4160034077021865
Columbia City,12,0,0.2589109009898483
Columbia City,12,1,0.37993219159008634
Columbia City,12,5,0.3526312892893963
Columbia City,13,0,0.25669852029062556
Columbia City,13,1,0.28238687628161313
Columbia City,13,5,0.35207752345384746
Columbia City,14,0,0.2340665426191742
Columbia City,14,1,0.21530707450444292
Columbia City,14,5,0.34929107972915385
Columbia City,15,0,0.1764927913217387
Columbia City,15,1,0.2348999265841371
Columbia City,15,5,0.2683899458241564
Columbia City,16,0,0.22188076884129515
Columbia City,16,1,0.24480463152831575
Columbia City,16,5,0.24910112547020005
Columbia City,17,0,0.21817043872307032
Columbia City,17,1,0.2772482342219184
Columbia City,17,5,0.3214511460975949
Columbia City,18,0,0.31727466393255865
Columbia City,18,1,0.3287669299511405
Columbia City,18,5,0.37849933146763065
Columbia City,19,0,0.3381084276347434
Columbia City,19,1,0.31435109237740816
Columbia City,19,5,0.39748448714196843
Commercial Core,6,0,0.125
Commercial Core,8,0,0.2675738016494026
Commercial Core,8,1,0.23035883632547907
Commercial Core,8,5,0.1527414730107246
Commercial Core,9,0,0.38015892998909306
Commercial Core,9,1,0.3373259195278057
Commercial Core,9,5,0.2592385243842913
Commercial Core,10,0,0.45866945399194436
Commercial Core,10,1,0.432210826982646
Commercial Core,10,5,0.3832426315049512
Commercial Core,11,0,0.499006183944643
Commercial Core,11,1,0.4545572283316049
Commercial Core,11,5,0.4495144858545861
Commercial Core,12,0,0.4804052385729975
Commercial Core,12,1,0.4419827001080997
Commercial Core,12,5,0.445080652755443
Commercial Core,13,0,0.4672487809564216
Commercial Core,13,1,0.4168730283847771
Commercial Core,13,5,0.49446481503931394
Commercial Core,14,0,0.40973021507927776
Commercial Core,14,1,0.35973172972653467
Commercial Core,14,5,0.5068303413882785
Commercial Core,15,0,0.44034209578067707
Commercial Core,15,1,0.38122925046592415
Commercial Core,15,5,0.5010697979671208
Commercial Core,16,0,0.3736714125380792
Commercial Core,16,1,0.39962864522913544
Commercial Core,16,5,0.5099662180723143
Commercial Core,17,0,0.35574608317255374
Commercial Core,17,1,0.3819619509693039
Commercial Core,17,5,0.5061175227208639
Commercial Core,18,0,0.3789608539255216
Commercial Core,18,1,0.4125964494012623
Commercial Core,18,5,0.49638984045961443
Commercial Core,19,0,0.3131057363530189
Commercial Core,19,1,0.3018122254391436
Commercial Core,19,5,0.5233015784039943
Denny Triangle,8,0,0.21776687818354484
Denny Triangle,8,1,0.15428001543910635
Denny Triangle,8,5,0.12884170829316147
Denny Triangle,9,0,0.27180396725188394
Denny Triangle,9,1,0.2292022452855786
Denny Triangle,9,5,0.22519486282569579
Denny Triangle,10,0,0.29342243635993637
Denny Triangle,10,1,0.31189860640902306
Denny Triangle,10,5,0.2766503415608177
Denny Triangle,11,0,0.2923630948526782
Denny Triangle,11,1,0.3705443283568284
Denny Triangle,11,5,0.2797112097481917
Denny Triangle,12,0,0.24033740796240796
Denny Triangle,12,1,0.31284483379275047
Denny Triangle,12,5,0.24985276588589275
Denny Triangle,13,0,0.23177510259801926
Denny Triangle,13,1,0.22623949622907957
Denny Triangle,13,5,0.30000010786674375
Denny Triangle,14,0,0.1817132828591162
Denny Triangle,14,1,0.17651133357383356
Denny Triangle,14,5,0.31660003926665486
Denny Triangle,15,0,0.18987532556728984
Denny Triangle,15,1,0.17847425926317584
Denny Triangle,15,5,0.31087305752358096
Denny Triangle,16,0,0.1702839454316727
Denny Triangle,16,1,0.15639349371167552
Denny Triangle,16,5,0.2967121254787467
Denny Triangle,17,0,0.1988647236601782
Denny Triangle,17,1,0.1925458165571802
Denny Triangle,17,5,0.28443394578395875
Denny Triangle,18,0,0.19354118860937042
Denny Triangle,18,1,0.23314596724824
Denny Triangle,18,5,0.33203716336086375
Denny Triangle,19,0,0.18980403392903392
Denny Triangle,19,1,0.2692052727365227
Denny Triangle,19,5,0.38720343212659225
First Hill,8,0,0.11854203593970164
First Hill,8,1,0.13684596922232808
First Hill,8,5,0.08880851473471066
First Hill,9,0,0.18419943032846117
First Hill,9,1,0.19070074483998112
First Hill,9,5,0.12872286211880735
First Hill,10,0,0.17172821087696985
First Hill,10,1,0.1878120210637734
First Hill,10,5,0.10714768764746324
First Hill,11,0,0.1489151724859364
First Hill,11,1,0.16663441963077577
First Hill,11,5,0.11682602321389898
First Hill,12,0,0.1248882278951721
First Hill,12,1,0.14215623253814197
First Hill,12,5,0.12513379778264724
First Hill,13,0,0.1306148378132846
First Hill,13,1,0.15222076206689816
First Hill,13,5,0.14988336428061622
First Hill,14,0,0.12895201637453002
First Hill,14,1,0.1486030948230917
First Hill,14,5,0.144547620503644
First Hill,15,0,0.11408778555243838
First Hill,15,1,0.11882040975709446
First Hill,15,5,0.1324384045429744
First Hill,16,0,0.09515475752559187
First Hill,16,1,0.09004216920084228
First Hill,16,5,0.13543771747824535
First Hill,17,0,0.08885506854940621
First Hill,17,1,0.08433419124023796
First Hill,17,5,0.14186583989235613
First Hill,18,0,0.12375404388253554
First Hill,18,1,0.11610138957083854
First Hill,18,5,0.17280812971208148
First Hill,19,0,0.14495107041540148
First Hill,19,1,0.14864120401011208
First Hill,19,5,0.15672408393758375
Fremont,8,0,0.03810185185185185
Fremont,8,1,0.025370370370370366
Fremont,8,5,0.07305555555555555
Fremont,9,0,0.09583333333333333
Fremont,9,1,0.2508796296296296
Fremont,9,5,0.15751082118502183
Fremont,10,0,0.19393518518518515
Fremont,10,1,0.25472222222222224
Fremont,10,5,0.21936578667973375
Fremont,11,0,0.3475925925925926
Fremont,11,1,0.3194444444444445
Fremont,11,5,0.42869874135060204
Fremont,12,0,0.359537037037037
Fremont,12,1,0.4396759259259259
Fremont,12,5,0.5965447752051941
Fremont,13,0,0.459074074074074
Fremont,13,1,0.5025000000000001
Fremont,13,5,0.5425667880995749
Fremont,14,0,0.42726851851851855
Fremont,14,1,0.41824074074074075
Fremont,14,5,0.3913962310327949
Fremont,15,0,0.4415277777777778
Fremont,15,1,0.28435185185185186
Fremont,15,5,0.4893519698385537
Fremont,16,0,0.4251388888888889
Fremont,16,1,0.3645833333333333
Fremont,16,5,0.5167039029416911
Fremont,17,0,0.3636111111111111
Fremont,17,1,0.3336574074074074
Fremont,17,5,0.5444460778308629
Fremont,18,0,0.38083333333333336
Fremont,18,1,0.29324074074074075
Fremont,18,5,0.5396523982999392
Fremont,19,0,0.3192592592592593
Fremont,19,1,0.18296296296296297
Fremont,19,5,0.5716894187608469
Green Lake,8,0,0.15828253646706025
Green Lake,8,1,0.1991354324687658
Green Lake,8,5,0.1501702761919315
Green Lake,9,0,0.2545978723657295
Green Lake,9,1,0.30115822889632415
Green Lake,9,5,0.5003849222880585
Green Lake,10,0,0.3271556133460895
Green Lake,10,1,0.3938590752281228
Green Lake,10,5,0.612604441680353
Green Lake,11,0,0.4410922686220305
Green Lake,11,1,0.45429844185796564
Green Lake,11,5,0.5729571619270745
Green Lake,12,0,0.4905351603863509
Green Lake,12,1,0.4945496732103875
Green Lake,12,5,0.5942246596495095
Green Lake,13,0,0.42839279437493727
Green Lake,13,1,0.47411097390264056
Green Lake,13,5,0.5988894788567896
Green Lake,14,0,0.43450364560483606
Green Lake,14,1,0.47859207150873817
Green Lake,14,5,0.5464900235069782
Green Lake,15,0,0.4947224116271735
Green Lake,15,1,0.44605754364682937
Green Lake,15,5,0.5349133991703392
Green Lake,16,0,0.41434424592162683
Green Lake,16,1,0.4578231072278691
Green Lake,16,5,0.5098770224699263
Green Lake,17,0,0.5031611069706308
Green Lake,17,1,0.5242110876337067
Green Lake,17,5,0.4744823711946027
Green Lake,18,0,0.7091764903967285
Green Lake,18,1,0.6478748709403471
Green Lake,18,5,0.48418365143562087
Green Lake,19,0,0.5932675591604163
Green Lake,19,1,0.5631592261354166
Green Lake,19,5,0.4252254827155573
Pike-Pine,8,0,0.11734185187720932
Pike-Pine,8,1,0.08622150578258093
Pike-Pine,8,5,0.08395572856791757
Pike-Pine,9,0,0.1925364290620795
Pike-Pine,9,1,0.16284803733187173
Pike-Pine,9,5,0.194573289503997
Pike-Pine,10,0,0.2524142020117252
Pike-Pine,10,1,0.2642844827749233
Pike-Pine,10,5,0.2996779872485887
Pike-Pine,11,0,0.2998137368666875
Pike-Pine,11,1,0.2772834844303328
Pike-Pine,11,5,0.3858505771892389
Pike-Pine,12,0,0.3289027897069285
Pike-Pine,12,1,0.2630421377717831
Pike-Pine,12,5,0.39464339457662023
Pike-Pine,13,0,0.32833828472220605
Pike-Pine,13,1,0.24691674104104172
Pike-Pine,13,5,0.4040343633071755
Pike-Pine,14,0,0.2903223291704363
Pike-Pine,14,1,0.2284359109406296
Pike-Pine,14,5,0.38630927055170755
Pike-Pine,15,0,0.2434356673635841
Pike-Pine,15,1,0.20141979380736103
Pike-Pine,15,5,0.3628576694595386
Pike-Pine,16,0,0.23041242705397286
Pike-Pine,16,1,0.2319248725558133
Pike-Pine,16,5,0.37306938509620896
Pike-Pine,17,0,0.2881599458237745
Pike-Pine,17,1,0.3007123231395066
Pike-Pine,17,5,0.4083235656992583
Pike-Pine,18,0,0.3533200710477881
Pike-Pine,18,1,0.38613884187742886
Pike-Pine,18,5,0.4494730241049216
Pike-Pine,19,0,0.3943858092193666
Pike-Pine,19,1,0.4492584608147994
Pike-Pine,19,5,0.4950965114432465
Pike-Pine,20,0,0.35406073698609414
Pike-Pine,20,1,0.4011943604784162
Pike-Pine,20,5,0.4408371847521818
Pike-Pine,21,0,0.24159949380890666
Pike-Pine,21,1,0.2927647710343517
Pike-Pine,21,5,0.3521356066926902
Pioneer Square,8,0,0.17731395645854559
Pioneer Square,8,1,0.22949924785010406
Pioneer Square,8,5,0.09358698877375819
Pioneer Square,9,0,0.28878027172095216
Pioneer Square,9,1,0.3518995417488533
Pioneer Square,9,5,0.18958421987431762
Pioneer Square,10,0,0.3599089516458193
Pioneer Square,10,1,0.4403597062871837
Pioneer Square,10,5,0.34668486572332285
Pioneer Square,11,0,0.4216498785363167
Pioneer Square,11,1,0.48075329635223846
Pioneer Square,11,5,0.43662965152584693
Pioneer Square,12,0,0.45447988341385065
Pioneer Square,12,1,0.47827290563309743
Pioneer Square,12,5,0.5468324589683424
Pioneer Square,13,0,0.47999835209229974
Pioneer Square,13,1,0.48700261312212445
Pioneer Square,13,5,0.5848396588299073
Pioneer Square,14,0,0.42665104814561866
Pioneer Square,14,1,0.48180453422197717
Pioneer Square,14,5,0.5774750872026851
Pioneer Square,15,0,0.40045634566174476
Pioneer Square,15,1,0.46142795971583495
Pioneer Square,15,5,0.5036983650098599
Pioneer Square,16,0,0.4281017525059418
Pioneer Square,16,1,0.48203560387220135
Pioneer Square,16,5,0.4869656193026839
Pioneer Square,17,0,0.4094845624671775
Pioneer Square,17,1,0.44060170082130273
Pioneer Square,17,5,0.4594892033282856
Roosevelt,8,0,0.12816137566137564
Roosevelt,8,1,0.18610670194003526
Roosevelt,8,5,0.18397664432788102
Roosevelt,9,0,0.30448192239858907
Roosevelt,9,1,0.3859369488536155
Roosevelt,9,5,0.33554012345679013
Roosevelt,10,0,0.37632275132275134
Roosevelt,10,1,0.26794238683127575
Roosevelt,10,5,0.43651359855822514
Roosevelt,11,0,0.38526748971193414
Roosevelt,11,1,0.31052616108171666
Roosevelt,11,5,0.4917287418094948
Roosevelt,12,0,0.32771531452087005
Roosevelt,12,1,0.3039733980011758
Roosevelt,12,5,0.4462908390435713
Roosevelt,13,0,0.28519620811287477
Roosevelt,13,1,0.24593400940623164
Roosevelt,13,5,0.4999956149227552
Roosevelt,14,0,0.3099889770723104
Roosevelt,14,1,0.26364050558495
Roosevelt,14,5,0.47030260647063926
Roosevelt,15,0,0.3738734567901234
Roosevelt,15,1,0.2764638447971781
Roosevelt,15,5,0.39372034151928936
Roosevelt,16,0,0.39214506172839503
Roosevelt,16,1,0.31407848324514986
Roosevelt,16,5,0.3009597295708406
Roosevelt,17,0,0.40090534979423864
Roosevelt,17,1,0.3940512933568489
Roosevelt,17,5,0.22035329334906228
Roosevelt,18,0,0.48286302175191065
Roosevelt,18,1,0.37231114050558495
Roosevelt,18,5,0.23583962182322837
Roosevelt,19,0,0.42783436213991766
Roosevelt,19,1,0.3558098177542621
Roosevelt,19,5,0.190714719403244
South Lake Union,8,0,0.21192799536249166
South Lake Union,8,1,0.18850585179262408
South Lake Union,8,5,0.11360512355492675
South Lake Union,9,0,0.29433318900986943
South Lake Union,9,1,0.2726113926381722
South Lake Union,9,5,0.20546419767038862
South Lake Union,10,0,0.3193515086244664
South Lake Union,10,1,0.2999464712931227
South Lake Union,10,5,0.22950575751950472
South Lake Union,11,0,0.3364794662050373
South Lake Union,11,1,0.3222517846893822
South Lake Union,11,5,0.25352883167888285
South Lake Union,12,0,0.3288143477431756
South Lake Union,12,1,0.3137897523833327
South Lake Union,12,5,0.2723513696421734
South Lake Union,13,0,0.29138790179800267
South Lake Union,13,1,0.2929187201497924
South Lake Union,13,5,0.27231562906143875
South Lake Union,14,0,0.24291425742004735
South Lake Union,14,1,0.2469577503492531
South Lake Union,14,5,0.24216343801212917
South Lake Union,15,0,0.21395945236743547
South Lake Union,15,1,0.22488120140269358
South Lake Union,15,5,0.23020202065040501
South Lake Union,16,0,0.1936785565460673
South Lake Union,16,1,0.19286476110921094
South Lake Union,16,5,0.21916558525882918
South Lake Union,17,0,0.1661850177739248
South Lake Union,17,1,0.18418827651063294
South Lake Union,17,5,0.20733796163179402
University District,8,0,0.1480756789281366
University District,8,1,0.14137014829357075
University District,8,5,0.12249216310662989
University District,9,0,0.23195991016103656
University District,9,1,0.22212752531694377
University District,9,5,0.22818217579690078
University District,10,0,0.27282185905349154
University District,10,1,0.26356833324825235
University District,10,5,0.29145318064238374
University District,11,0,0.3237206588595593
University District,11,1,0.3132872164567398
University District,11,5,0.3695756542598367
University District,12,0,0.3173184743333317
University District,12,1,0.3377660596779871
University District,12,5,0.3887389889902654
University District,13,0,0.2849030504343182
University District,13,1,0.35645410044510073
University District,13,5,0.3910566512442839
University District,14,0,0.30880385684619543
University District,14,1,0.336410310750881
University District,14,5,0.3740699606879926
University District,15,0,0.275937119147658
University District,15,1,0.28820070596545594
University District,15,5,0.34591680907162636
University District,16,0,0.2237300866845659
University District,16,1,0.2569806485105789
University District,16,5,0.3257796194670814
University District,17,0,0.23837212274705505
University District,17,1,0.23931585332075928
University District,17,5,0.32714477487953414
University District,18,0,0.22822690437428272
University District,18,1,0.2421136591398
University District,18,5,0.34164947662273487
University District,19,0,0.21674322538228094
University District,19,1,0.24979715712684383
University District,19,5,0.32444128661777744
Uptown,8,0,0.15530696370219307
Uptown,8,1,0.11661103119268251
Uptown,8,5,0.07113915502460602
Uptown,9,0,0.22072276045856737
Uptown,9,1,0.20724650245635595
Uptown,9,5,0.15860734154444228
Uptown,10,0,0.26052766267852373
Uptown,10,1,0.2584682754993216
Uptown,10,5,0.24759522646229973
Uptown,11,0,0.30317908721753534
Uptown,11,1,0.29402026628598016
Uptown,11,5,0.33901553699668274
Uptown,12,0,0.30258700752829043
Uptown,12,1,0.27060677914133796
Uptown,12,5,0.38059612846812235
Uptown,13,0,0.2822779150809917
Uptown,13,1,0.274648144337173
Uptown,13,5,0.41193254021097275
Uptown,14,0,0.267649593142637
Uptown,14,1,0.2605660697036076
Uptown,14,5,0.42908296915215344
Uptown,15,0,0.2760805431837658
Uptown,15,1,0.29234234921792474
Uptown,15,5,0.400716707911973
Uptown,16,0,0.28126661978467965
Uptown,16,1,0.30933587190023243
Uptown,16,5,0.41886936778862394
Uptown,17,0,0.2848728198226789
Uptown,17,1,0.3362515430311017
Uptown,17,5,0.3924340422817931
Uptown,18,0,0.2723355832591166
Uptown,18,1,0.4543646345040513
Uptown,18,5,0.42913304895327103
Uptown,19,0,0.24675300080369264
Uptown,19,1,0.5759467101948507
Uptown,19,5,0.4816794525584929
Uptown,20,0,0.0029094367706243205
Uptown,20,1,0.0847510955547691
Uptown,20,5,0.007479492317052351
Uptown,21,0,0.0
Uptown,21,1,0.06391773130090601
Uptown,21,5,0.0
Uptown Triangle,8,0,0.2098770987685015
Uptown Triangle,8,1,0.20133273296169224
Uptown Triangle,8,5,0.8054335983862726
Uptown Triangle,9,0,0.3047505142754012
Uptown Triangle,9,1,0.32679178706328027
Uptown Triangle,9,5,0.7035118311688802
Uptown Triangle,10,0,0.48043223995712686
Uptown Triangle,10,1,0.46364932034615286
Uptown Triangle,10,5,0.572089311972764
Uptown Triangle,11,0,0.5876705856570109
Uptown Triangle,11,1,0.6079442059532557
Uptown Triangle,11,5,0.5465463425033301
Uptown Triangle,12,0,0.6020160424459067
Uptown Triangle,12,1,0.5757336688784652
Uptown Triangle,12,5,0.5503044031550819
Uptown Triangle,13,0,0.6148328720048177
Uptown Triangle,13,1,0.6074254645974103
Uptown Triangle,13,5,0.6169574377177369
Uptown Triangle,14,0,0.6030783779652558
Uptown Triangle,14,1,0.6141723342854564
Uptown Triangle,14,5,0.7369902865822053
Uptown Triangle,15,0,0.5842382554599749
Uptown Triangle,15,1,0.5275282091797929
Uptown Triangle,15,5,0.7934015068708269
Uptown Triangle,16,0,0.44289275078867835
Uptown Triangle,16,1,0.4917617961056875
Uptown Triangle,16,5,0.7914616909949077
Uptown Triangle,17,0,0.35731606251968245
Uptown Triangle,17,1,0.39108015329734785
Uptown Triangle,17,5,0.7677606197644521
Westlake Ave N,9,0,0.20664408357694097
Westlake Ave N,9,1,0.2115467574730732
Westlake Ave N,10,0,0.2907373634573039
Westlake Ave N,10,1,0.2754731205431971
Westlake Ave N,11,0,0.33923474909825085
Westlake Ave N,11,1,0.3048864517503949
Westlake Ave N,12,0,0.35009543506092605
Westlake Ave N,12,1,0.3089628454814725
Westlake Ave N,13,0,0.33392335847195076
Westlake Ave N,13,1,0.31459506045966706
Westlake Ave N,14,0,0.3136908597299802
Westlake Ave N,14,1,0.29559731536652717
Westlake Ave N,15,0,0.2506544190609446
Westlake Ave N,15,1,0.2534656781323499
