blockfacename,paidparkingarea,paidparkingsubarea,lat,lon,spaces,time_limit,n_meters
10TH AVE BETWEEN E MADISON ST AND E SENECA ST,Pike-Pine,,47.611985525,-122.319351095,9,120.0,2
10TH AVE BETWEEN E PIKE ST AND E PINE ST,Pike-Pine,,47.614681595,-122.31945234,22,120.0,2
10TH AVE BETWEEN E SENECA ST AND E UNION ST,Pike-Pine,,47.61255333,-122.31939925,14,240.0,2
10TH AVE BETWEEN E UNION ST AND E PIKE ST,Pike-Pine,,47.61350782,-122.31943865,12,120.0,2
11TH AVE BETWEEN E HOWELL ST AND E DENNY WAY,Capitol Hill,South,47.61813722,-122.31831508,28,240.0,1
11TH AVE BETWEEN E MADISON ST AND E UNION ST,Pike-Pine,,47.612599134999996,-122.31810673999999,10,120.0,2
11TH AVE BETWEEN E OLIVE ST AND E HOWELL ST,Capitol Hill,South,47.61696889,-122.31829651,29,240.0,1
11TH AVE BETWEEN E PIKE ST AND E PINE ST,Pike-Pine,,47.614688715,-122.31815853,20,120.0,2
11TH AVE BETWEEN E PINE ST AND E OLIVE ST,Capitol Hill,South,47.615867805,-122.318169325,28,240.0,2
11TH AVE BETWEEN E UNION ST AND E PIKE ST,Pike-Pine,,47.61351289,-122.31812558,5,120.0,2
11TH AVE NE BETWEEN DEAD END 1 AND NE 41ST ST,University District,Edge,47.656608015,-122.316701835,8,240.0,2
11TH AVE NE BETWEEN EASTLAKE AVE NE AND NE 42ND ST,University District,Edge,47.657915435,-122.316665215,13,240.0,2
11TH AVE NE BETWEEN NE 42ND ST AND NE 43RD ST,University District,Edge,47.65909494,-122.31664243,31,240.0,2
11TH AVE NE BETWEEN NE 45TH ST AND NE 47TH ST,University District,Edge,47.66220585,-122.31659916,17,240.0,1
11TH AVE NE BETWEEN NE 47TH ST AND NE 50TH ST,University District,Edge,47.66400789,-122.31642786,15,240.0,1
12TH AVE BETWEEN E BARCLAY CT AND E JAMES CT,12th Avenue,,47.607120769999995,-122.316780185,10,120.0,2
12TH AVE BETWEEN E CHERRY ST AND E COLUMBIA ST,12th Avenue,,47.608644055,-122.31677994500001,12,120.0,2
12TH AVE BETWEEN E COLUMBIA ST AND E MARION ST,12th Avenue,,47.60982038,-122.31677966000001,14,120.0,2
12TH AVE BETWEEN E JAMES CT AND E CHERRY ST,12th Avenue,,47.60770872,-122.3168854,3,120.0,1
12TH AVE BETWEEN E JEFFERSON ST AND E BARCLAY CT,12th Avenue,,47.606539444999996,-122.31678037500001,6,120.0,2
12TH AVE BETWEEN E MADISON ST AND E PIKE ST,Pike-Pine,,47.61351303,-122.31685301499999,16,120.0,2
12TH AVE BETWEEN E MARION ST AND E SPRING ST,12th Avenue,,47.610992519999996,-122.31679128,16,120.0,2
12TH AVE BETWEEN E PIKE ST AND E PINE ST,Pike-Pine,,47.614690010000004,-122.31684511,14,120.0,2
12TH AVE BETWEEN E PINE ST AND E OLIVE ST,Capitol Hill,South,47.61587269,-122.316863905,19,120.0,2
12TH AVE BETWEEN E SPRING ST AND E MADISON ST,12th Avenue,,47.61220999,-122.316785075,7,120.0,2
12TH AVE NE BETWEEN NE 41ST ST AND NE 42ND ST,University District,Core,47.65760159,-122.31559203,17,120.0,1
12TH AVE NE BETWEEN NE 42ND ST AND NE 43RD ST,University District,Core,47.65908193,-122.31555312,15,120.0,1
12TH AVE NE BETWEEN NE 43RD ST AND NE 45TH ST,University District,Core,47.66058075,-122.31554617,8,120.0,1
12TH AVE NE BETWEEN NE 45TH ST AND NE 47TH ST,University District,Core,47.662225595,-122.31536616,22,120.0,2
12TH AVE NE BETWEEN NE 47TH ST AND NE 50TH ST,University District,Core,47.66401355,-122.31535216,21,120.0,1
12TH AVE NE BETWEEN NE 64TH ST AND NE 65TH ST,Roosevelt,,47.67537128,-122.31575129,6,240.0,1
12TH AVE NE BETWEEN NE CAMPUS WB PY AND NE 41ST ST,University District,Core,47.65655643,-122.31563166,6,120.0,1
13TH AVE BETWEEN E MADISON ST AND E PIKE ST,Pike-Pine,,47.61373142,-122.31562933,4,120.0,1
13TH AVE BETWEEN E PIKE ST AND E PINE ST,Pike-Pine,,47.6147267,-122.31559256,9,120.0,1
14TH AVE BETWEEN E PIKE ST AND E PINE ST,Pike-Pine,,47.614697199999995,-122.314245285,17,120.0,2
14TH AVE BETWEEN E UNION ST AND E MADISON ST,Pike-Pine,,47.613399365,-122.314219915,7,120.0,2
14TH AVE NW BETWEEN NW 46TH ST AND NW BALLARD WAY,Ballard Blocks,,47.66256564,-122.37374114,4,120.0,1
15TH AVE BETWEEN E MADISON ST AND E PINE ST,Pike-Pine,,47.61491973,-122.31278084,20,120.0,2
15TH AVE E BETWEEN E DENNY WAY AND E JOHN SR ST,15th Avenue E,,47.61909083,-122.31273645499999,14,120.0,2
15TH AVE E BETWEEN E HARRISON N ST AND E REPUBLICAN S ST,15th Avenue E,,47.622593905,-122.312636535,12,120.0,2
15TH AVE E BETWEEN E REPUBLICAN N ST AND E MERCER S ST,15th Avenue E,,47.62375522,-122.31262724,18,120.0,2
15TH AVE E BETWEEN E THOMAS N ST AND E HARRISON S ST,15th Avenue E,,47.62153917,-122.312659955,7,120.0,2
15TH AVE E BETWEEN E THOMAS S ST AND E THOMAS N ST,15th Avenue E,,47.620817625,-122.31269608,3,120.0,2
15TH AVE NE BETWEEN NE 42ND ST AND NE 43RD ST,University District,Core,47.65902135,-122.31210101,5,120.0,1
15TH AVE NE BETWEEN NE 43RD ST AND NE 45TH ST,University District,Core,47.66050168,-122.31206204,6,120.0,1
15TH AVE NE BETWEEN NE 45TH ST AND NE 47TH ST,University District,Edge,47.66219312,-122.311950785,24,240.0,2
15TH AVE NE BETWEEN NE 47TH ST AND NE 50TH ST,University District,Edge,47.663980715,-122.311953705,40,240.0,2
15TH AVE NE BETWEEN NE BOAT W ST AND NE PACIFIC ST,University District,Core,47.65233251,-122.31333738,9,120.0,1
16TH AVE E BETWEEN E DENNY WAY AND E JOHN ST,15th Avenue E,,47.61909629,-122.31147313,5,120.0,1
16TH AVE E BETWEEN E JOHN ST AND E THOMAS ST,15th Avenue E,,47.62008696,-122.31144321,7,120.0,1
18TH AVE BETWEEN E JEFFERSON ST AND E CHERRY ST,Cherry Hill,,47.60711882,-122.30901722,15,120.0,1
1ST AVE BETWEEN BATTERY ST AND WALL ST,Belltown,North,47.61443213,-122.34830948000001,14,240.0,2
1ST AVE BETWEEN BELL ST AND BATTERY ST,Belltown,North,47.61376928999999,-122.347182825,13,240.0,2
1ST AVE BETWEEN BLANCHARD ST AND BELL ST,Belltown,South,47.613000715,-122.34587985,25,120.0,2
1ST AVE BETWEEN BROAD ST AND EAGLE ST,Belltown,North,47.61738742,-122.3531291,7,240.0,1
1ST AVE BETWEEN CEDAR ST AND CLAY ST,Belltown,North,47.616091215,-122.351105735,10,240.0,2
1ST AVE BETWEEN CHERRY ST AND COLUMBIA ST,Pioneer Square,Core,47.602910705,-122.33460311,11,120.0,2
1ST AVE BETWEEN CLAY ST AND BROAD ST,Belltown,North,47.616647775000004,-122.352048,13,240.0,2
1ST AVE BETWEEN COLUMBIA ST AND MARION ST,Commercial Core,Waterfront,47.603635815000004,-122.335250965,9,120.0,2
1ST AVE BETWEEN LENORA ST AND BLANCHARD ST,Belltown,South,47.612235255,-122.34458839999999,18,120.0,2
1ST AVE BETWEEN MADISON ST AND SPRING ST,Commercial Core,Waterfront,47.60501765,-122.3366575,5,30.0,1
1ST AVE BETWEEN PIKE ST AND PINE ST,Commercial Core,Retail,47.60935161,-122.3403749,7,120.0,1
1ST AVE BETWEEN PINE ST AND STEWART ST,Commercial Core,Retail,47.61008545,-122.34104628,3,120.0,1
1ST AVE BETWEEN SENECA ST AND UNIVERSITY ST,Commercial Core,Retail,47.60647145,-122.337883365,14,120.0,2
1ST AVE BETWEEN SPRING ST AND SENECA ST,Commercial Core,Waterfront,47.60575515,-122.33720854,14,120.0,2
1ST AVE BETWEEN STEWART ST AND VIRGINIA ST,Belltown,South,47.610683429999995,-122.341961725,19,120.0,2
1ST AVE BETWEEN UNION ST AND PIKE ST,Commercial Core,Retail,47.608324565000004,-122.339559375,8,120.0,2
1ST AVE BETWEEN UNIVERSITY ST AND UNION ST,Commercial Core,Retail,47.60731898,-122.338656325,15,120.0,2
1ST AVE BETWEEN VINE ST AND CEDAR ST,Belltown,North,47.615535115,-122.35016851500001,12,240.0,2
1ST AVE BETWEEN VIRGINIA ST AND LENORA ST,Belltown,South,47.611469625,-122.34327540999999,15,120.0,2
1ST AVE BETWEEN WALL ST AND VINE ST,Belltown,North,47.61504371,-122.34916205,6,240.0,1
1ST AVE BETWEEN WARREN PL AND BAY ST,Belltown,North,47.61823252,-122.35456852,7,240.0,1
1ST AVE BETWEEN YESLER WAY AND CHERRY ST,Pioneer Square,Core,47.60215991,-122.334176805,16,120.0,2
1ST AVE N BETWEEN DENNY WAY AND JOHN ST,Uptown,,47.61918751,-122.35536309,5,240.0,1
1ST AVE N BETWEEN HARRISON ST AND REPUBLICAN ST,Uptown,,47.62268904,-122.35550455,7,240.0,1
1ST AVE N BETWEEN JOHN ST AND THOMAS ST,Uptown,,47.6203434,-122.35535352,7,240.0,1
1ST AVE N BETWEEN MERCER ST AND ROY ST,Uptown,,47.62502233,-122.35546524,5,120.0,1
1ST AVE N BETWEEN REPUBLICAN ST AND MERCER ST,Uptown,,47.62391394,-122.35540734,19,240.0,2
1ST AVE N BETWEEN THOMAS ST AND HARRISON ST,Uptown,,47.62151977,-122.35551415,12,240.0,1
1ST AVE NE BETWEEN WOODLAWN S AVE NE AND EAST GREEN LAKE WAY N,Green Lake,,47.677910325,-122.328313365,10,120.0,2
1ST AVE S BETWEEN S CHARLES ST AND S ROYAL BROUGHAM WAY,Pioneer Square,Edge,47.594043505,-122.33419835000001,50,120.0,2
1ST AVE S BETWEEN S DEARBORN ST AND S CHARLES ST,Pioneer Square,Edge,47.59607622,-122.33418306,13,120.0,2
1ST AVE S BETWEEN S JACKSON ST AND S KING ST,Pioneer Square,Edge,47.598737334999996,-122.334187665,14,120.0,2
1ST AVE S BETWEEN S KING ST AND S DEARBORN ST,Pioneer Square,Edge,47.597367875,-122.33419173,39,120.0,2
1ST AVE S BETWEEN S MAIN ST AND S JACKSON ST,Pioneer Square,Core,47.59962452,-122.334182435,17,120.0,2
1ST AVE S BETWEEN S WASHINGTON ST AND S MAIN ST,Pioneer Square,Core,47.60046712,-122.33418322,17,120.0,2
1ST AVE S BETWEEN YESLER WAY AND S WASHINGTON ST,Pioneer Square,Core,47.60129456,-122.33418009,18,120.0,2
1ST AVE W BETWEEN W HARRISON ST AND W REPUBLICAN ST,Uptown,,47.622698729999996,-122.35802656,13,240.0,2
1ST AVE W BETWEEN W JOHN ST AND W THOMAS ST,Uptown,,47.62036552,-122.35804046,19,240.0,2
1ST AVE W BETWEEN W MERCER ST AND W ROY ST,Uptown,,47.62515306,-122.35809341,4,240.0,1
1ST AVE W BETWEEN W REPUBLICAN ST AND W MERCER ST,Uptown,,47.623922105,-122.358011925,25,120.0,2
1ST AVE W BETWEEN W THOMAS ST AND W HARRISON ST,Uptown,,47.621510705000006,-122.358039985,20,240.0,2
1ST AVE W BETWEEN WESTERN AVE W AND W JOHN ST,Uptown,,47.619422924999995,-122.35805574,6,240.0,2
20TH AVE NW BETWEEN NW MARKET ST AND NW 56TH ST,Ballard,Edge,47.66906738,-122.38212831,7,240.0,2
20TH AVE NW BETWEEN RUSSELL AVE NW AND NW MARKET ST,Ballard,Edge,47.668315050000004,-122.382130495,12,240.0,2
22ND AVE NW BETWEEN BALLARD AVE NW AND NW MARKET ST,Ballard,Core,47.66818396,-122.384745545,16,120.0,2
22ND AVE NW BETWEEN NW 56TH ST AND NW 57TH ST,Ballard,Edge,47.669836384999996,-122.38474056000001,11,240.0,2
22ND AVE NW BETWEEN NW 57TH ST AND NW 58TH ST,Ballard,Edge,47.67054627,-122.3847959,5,240.0,1
22ND AVE NW BETWEEN NW MARKET ST AND NW 56TH ST,Ballard,Core,47.66908539,-122.38474400999999,8,120.0,2
22ND AVE NW BETWEEN SHILSHOLE AVE NW AND BALLARD AVE NW,Ballard,Edge,47.66714456,-122.38474335000001,16,240.0,2
24TH AVE NW BETWEEN NW 56TH ST AND NW 57TH ST,Ballard,Edge,47.66983204,-122.38746554,1,240.0,1
24TH AVE NW BETWEEN NW 57TH ST AND NW 58TH ST,Ballard,Edge,47.670550335,-122.387587345,10,240.0,2
24TH AVE NW BETWEEN NW 58TH ST AND NW 59TH ST,Ballard,Edge,47.67127935,-122.387587305,10,240.0,2
24TH AVE NW BETWEEN NW 59TH ST AND NW 60TH ST,Ballard,Edge,47.67200823,-122.38746542,5,240.0,1
2ND AV ET S BETWEEN S JACKSON ST AND S MAIN ST,Pioneer Square,Edge,47.59960565,-122.32990794,5,120.0,1
2ND AV ET S BETWEEN S MAIN ST AND S WASHINGTON ST,Pioneer Square,Edge,47.60049119,-122.33087051499999,9,120.0,2
2ND AV ET S BETWEEN S WASHINGTON ST AND YESLER WAY,Pioneer Square,Edge,47.60129649,-122.33145426,4,120.0,1
2ND AVE BETWEEN BATTERY ST AND WALL ST,Belltown,North,47.61506604,-122.347388425,10,240.0,2
2ND AVE BETWEEN BELL ST AND BATTERY ST,Belltown,North,47.614391075,-122.346256845,20,240.0,2
2ND AVE BETWEEN BLANCHARD ST AND BELL ST,Belltown,South,47.613629294999996,-122.344962135,9,120.0,2
2ND AVE BETWEEN BROAD ST AND 2ND WR AVE,Belltown,North,47.617922300000004,-122.35224033,12,240.0,2
2ND AVE BETWEEN CEDAR ST AND CLAY ST,Belltown,North,47.6167289,-122.35020653000001,12,240.0,2
2ND AVE BETWEEN CLAY ST AND BROAD ST,Belltown,North,47.617291435,-122.35115795499999,7,240.0,2
2ND AVE BETWEEN COLUMBIA ST AND MARION ST,Commercial Core,Financial,47.60408368,-122.33414784,12,120.0,2
2ND AVE BETWEEN JAMES ST AND CHERRY ST,Pioneer Square,Core,47.60269033,-122.332714,2,120.0,1
2ND AVE BETWEEN LENORA ST AND BLANCHARD ST,Belltown,South,47.61293327,-122.3436157,9,120.0,1
2ND AVE BETWEEN MADISON ST AND SPRING ST,Commercial Core,Financial,47.60555459,-122.33534782,6,120.0,1
2ND AVE BETWEEN MARION ST AND MADISON ST,Commercial Core,Financial,47.60483804,-122.3346924,3,120.0,1
2ND AVE BETWEEN PIKE ST AND PINE ST,Commercial Core,Retail,47.6097219,-122.33945111,7,120.0,1
2ND AVE BETWEEN PINE ST AND STEWART ST,Commercial Core,Retail,47.610610824999995,-122.34012386500001,6,120.0,2
2ND AVE BETWEEN SENECA ST AND UNIVERSITY ST,Commercial Core,Retail,47.606931689999996,-122.336755435,16,120.0,2
2ND AVE BETWEEN SPRING ST AND SENECA ST,Commercial Core,Financial,47.60626322,-122.33601514,4,120.0,1
2ND AVE BETWEEN STEWART ST AND VIRGINIA ST,Belltown,South,47.6113408,-122.341101605,21,120.0,2
2ND AVE BETWEEN UNION ST AND PIKE ST,Commercial Core,Retail,47.608779075,-122.338445525,8,120.0,2
2ND AVE BETWEEN VINE ST AND CEDAR ST,Belltown,North,47.616189585,-122.34928551,11,240.0,2
2ND AVE BETWEEN VIRGINIA ST AND LENORA ST,Belltown,South,47.6121099,-122.342399,10,120.0,2
2ND AVE BETWEEN WALL ST AND VINE ST,Belltown,North,47.615640745,-122.34836971,18,240.0,2
2ND AVE BETWEEN YESLER WAY AND JAMES ST,Pioneer Square,Core,47.60201883,-122.33241002,3,120.0,1
2ND AVE N BETWEEN DENNY WAY AND JOHN ST,Uptown,,47.61920357,-122.3526927,11,240.0,1
2ND AVE N BETWEEN MERCER ST AND ROY ST,Uptown,,47.625009000000006,-122.35278448,7,240.0,2
2ND AVE N BETWEEN SCIENCE CENTER WKWY AND THOMAS ST,Uptown,,47.62036489,-122.35293883,8,240.0,1
2ND AVE NE BETWEEN WOODLAWN S AVE NE AND EAST GREEN LAKE WAY N,Green Lake,,47.677966305,-122.327368775,11,120.0,2
2ND AVE S BETWEEN S JACKSON ST AND S KING ST,Pioneer Square,Edge,47.598768815,-122.33157309,21,120.0,2
2ND AVE S BETWEEN S MAIN ST AND S JACKSON ST,Pioneer Square,Core,47.599625015,-122.331573495,11,120.0,2
2ND AVE S BETWEEN S WASHINGTON ST AND S MAIN ST,Pioneer Square,Core,47.600449235,-122.33156853,23,120.0,2
2ND AVE W BETWEEN W HARRISON ST AND W REPUBLICAN ST,Uptown,,47.622700365,-122.359335875,26,240.0,2
2ND AVE W BETWEEN W MERCER ST AND W ROY ST,Uptown,,47.6251721,-122.35941045,4,240.0,1
2ND AVE W BETWEEN W REPUBLICAN ST AND W MERCER ST,Uptown,,47.623937585,-122.359326775,18,240.0,2
2ND AVE W BETWEEN W THOMAS ST AND W HARRISON ST,Uptown,,47.621532795,-122.35934437,17,240.0,2
2ND AVE W BETWEEN WESTERN AVE W AND W THOMAS ST,Uptown,,47.620366489999995,-122.359353655,15,240.0,2
37TH AVE S BETWEEN S EDMUNDS ST AND S FERDINAND ST,Columbia City,,47.55825614,-122.28620595,9,240.0,1
37TH AVE S BETWEEN S FERDINAND ST AND S HUDSON ST,Columbia City,,47.55743593,-122.28608789,8,240.0,1
3RD AVE BETWEEN BATTERY ST AND WALL ST,Belltown,North,47.61575654,-122.346560315,13,240.0,2
3RD AVE BETWEEN BELL ST AND BATTERY ST,Belltown,North,47.61500973,-122.34549499,7,240.0,1
3RD AVE BETWEEN BLANCHARD ST AND BELL ST,Belltown,South,47.61432061,-122.34413793,16,120.0,2
3RD AVE BETWEEN CEDAR ST AND CLAY ST,Belltown,North,47.617414795,-122.34936562,14,240.0,2
3RD AVE BETWEEN CLAY ST AND BROAD ST,Belltown,North,47.617963,-122.350299225,16,240.0,2
3RD AVE BETWEEN LENORA ST AND BLANCHARD ST,Belltown,South,47.613551279999996,-122.34283676000001,15,120.0,2
3RD AVE BETWEEN STEWART ST AND VIRGINIA ST,Belltown,South,47.61195283,-122.34031804,3,120.0,1
3RD AVE BETWEEN WALL ST AND VINE ST,Belltown,North,47.616306984999994,-122.347491565,19,240.0,2
3RD AVE N BETWEEN MERCER ST AND ROY ST,Uptown,,47.62503968,-122.35158492,2,240.0,1
3RD AVE S BETWEEN S MAIN ST AND S JACKSON ST,Pioneer Square,Edge,47.59942516,-122.33021365,2,120.0,1
3RD AVE S BETWEEN YESLER WAY AND S WASHINGTON ST,Pioneer Square,Edge,47.601287049999996,-122.33025635499999,6,120.0,2
3RD AVE W BETWEEN W HARRISON ST AND W REPUBLICAN ST,Uptown,,47.622710505,-122.36063847,15,240.0,2
3RD AVE W BETWEEN W MERCER ST AND W ROY ST,Uptown,,47.62517435,-122.3605438,2,120.0,1
3RD AVE W BETWEEN W THOMAS ST AND W THOMAS ST OVERPASS,Uptown,,47.62137228,-122.36077359,4,240.0,1
3RD AVE W BETWEEN W THOMAS ST OVERPASS AND W HARRISON ST,Uptown,,47.62195494,-122.36052619,2,240.0,1
4TH AVE BETWEEN BATTERY ST AND WALL ST,Belltown,North,47.61648112,-122.34561889,9,240.0,1
4TH AVE BETWEEN BELL ST AND BATTERY ST,Belltown,North,47.61575276,-122.34457192,13,240.0,2
4TH AVE BETWEEN BLANCHARD ST AND BELL ST,Belltown,South,47.614966455,-122.343268835,23,120.0,2
4TH AVE BETWEEN CEDAR ST AND CLAY ST,Belltown,North,47.61807747500001,-122.34851949,7,240.0,2
4TH AVE BETWEEN COLUMBIA ST AND MARION ST,Commercial Core,Financial,47.60505018,-122.33182648,6,120.0,1
4TH AVE BETWEEN DILLING WAY AND JEFFERSON ST,Pioneer Square,Edge,47.60241664,-122.32943221,1,120.0,1
4TH AVE BETWEEN LENORA ST AND BLANCHARD ST,Belltown,South,47.614215735,-122.34197427500001,14,120.0,2
4TH AVE BETWEEN MADISON ST AND SPRING ST,Commercial Core,Financial,47.60643896,-122.33325666,10,120.0,2
4TH AVE BETWEEN SENECA ST AND UNIVERSITY ST,Commercial Core,Retail,47.607861150000005,-122.33453767,10,120.0,2
4TH AVE BETWEEN STEWART ST AND VIRGINIA ST,Belltown,South,47.61261182,-122.33945509,6,120.0,1
4TH AVE BETWEEN UNION ST AND PIKE ST,Commercial Core,Retail,47.60967604,-122.33632481,6,120.0,1
4TH AVE BETWEEN VINE ST AND CEDAR ST,Belltown,North,47.617516890000005,-122.347561765,12,240.0,2
4TH AVE BETWEEN VIRGINIA ST AND LENORA ST,Belltown,South,47.613448695,-122.340686065,8,120.0,2
4TH AVE BETWEEN WALL ST AND VINE ST,Belltown,North,47.616958600000004,-122.34662982,12,240.0,2
4TH AVE N BETWEEN DENNY WAY AND BROAD ST,Uptown Triangle,,47.61910456,-122.348915515,10,240.0,2
4TH AVE NE BETWEEN WOODLAWN S AVE NE AND EAST GREEN LAKE WAY N,Green Lake,,47.678204615,-122.32651025,11,120.0,2
4TH AVE W BETWEEN ELLIOTT AVE W AND W HARRISON ST,Uptown,,47.621845685,-122.36195574999999,7,240.0,2
4TH AVE W BETWEEN W HARRISON ST AND W REPUBLICAN ST,Uptown,,47.622711464999995,-122.361947905,19,240.0,2
5TH AVE BETWEEN BATTERY ST AND WALL ST,Belltown,North,47.617086085,-122.34483706500001,18,240.0,2
5TH AVE BETWEEN BELL ST AND BATTERY ST,Belltown,North,47.616415445,-122.343706455,25,240.0,2
5TH AVE BETWEEN BLANCHARD ST AND BELL ST,Belltown,South,47.615648065,-122.3424234,23,120.0,2
5TH AVE BETWEEN LENORA ST AND BLANCHARD ST,Belltown,South,47.61487803,-122.341120475,17,120.0,2
5TH AVE BETWEEN MADISON ST AND SPRING ST,Commercial Core,Financial,47.60687895,-122.33220159,6,120.0,1
5TH AVE BETWEEN MARION ST AND MADISON ST,Commercial Core,Financial,47.60621283,-122.33137792,6,120.0,1
5TH AVE BETWEEN STEWART ST AND VIRGINIA ST,Belltown,South,47.61335137499999,-122.338513605,14,120.0,2
5TH AVE BETWEEN TAYLOR AVE AND DENNY WAY,Belltown,North,47.61833045,-122.34697587,8,240.0,2
5TH AVE BETWEEN TERRACE ST AND JEFFERSON ST,Commercial Core,Financial,47.60258173,-122.32829027,4,120.0,1
5TH AVE BETWEEN VIRGINIA ST AND LENORA ST,Belltown,South,47.614112755,-122.33981371499999,24,120.0,2
5TH AVE BETWEEN WALL ST AND VINE ST,Belltown,North,47.61763782,-122.34576995500001,16,240.0,2
5TH AVE N BETWEEN JOHN ST AND BROAD ST,Uptown Triangle,,47.62015028,-122.34771286,3,240.0,1
5TH AVE N BETWEEN MERCER ST AND ROY ST,Uptown,,47.62500038,-122.347557725,7,240.0,2
5TH AVE N BETWEEN ROY ST AND VALLEY ST,Uptown,,47.625850595,-122.3475205,9,240.0,2
5TH AVE N BETWEEN VALLEY ST AND ALOHA ST,Uptown,,47.626719019999996,-122.347553605,13,240.0,2
5TH AVE S BETWEEN S KING ST AND S WELLER ST,Chinatown/ID,,47.59793881,-122.32758781,6,120.0,1
5TH AVE S BETWEEN S WELLER ST AND S DEARBORN ST,Chinatown/ID,,47.59669714,-122.327679175,12,120.0,2
6TH AVE BETWEEN BATTERY ST AND WALL ST,Denny Triangle,North,47.617780620000005,-122.344044275,11,240.0,2
6TH AVE BETWEEN BELL ST AND BATTERY ST,Denny Triangle,North,47.61700881,-122.34293648,9,240.0,1
6TH AVE BETWEEN BLANCHARD ST AND BELL ST,Denny Triangle,North,47.616307515,-122.34155693,21,240.0,2
6TH AVE BETWEEN COLUMBIA ST AND MARION ST,Commercial Core,Financial,47.60591026,-122.32978967,20,120.0,1
6TH AVE BETWEEN LENORA ST AND BLANCHARD ST,Denny Triangle,North,47.6154538,-122.34032614,10,240.0,1
6TH AVE BETWEEN OLIVE WAY AND STEWART ST,Denny Triangle,South,47.61337529,-122.33664107,9,120.0,2
6TH AVE BETWEEN PIKE ST AND PINE ST,Commercial Core,Retail,47.611633775,-122.334920425,17,120.0,2
6TH AVE BETWEEN UNION ST AND PIKE ST,Commercial Core,Retail,47.61061354,-122.33409932,9,120.0,1
6TH AVE BETWEEN UNIVERSITY ST AND UNION ST,Commercial Core,Retail,47.609653145,-122.33309876499999,7,120.0,2
6TH AVE BETWEEN VIRGINIA ST AND LENORA ST,Denny Triangle,South,47.614767685000004,-122.33895064000001,10,120.0,2
6TH AVE BETWEEN WALL ST AND DENNY WAY,Denny Triangle,North,47.61820358,-122.34494996,8,240.0,1
6TH AVE BETWEEN WESTLAKE AVE AND VIRGINIA ST,Denny Triangle,South,47.6141992,-122.33799256,8,120.0,2
6TH AVE N BETWEEN DEAD END 1 AND ROY ST,Uptown,,47.625066005,-122.34495655,11,240.0,2
6TH AVE N BETWEEN DENNY WAY AND JOHN ST,Uptown Triangle,,47.619162315,-122.345006305,18,600.0,2
6TH AVE N BETWEEN JOHN ST AND THOMAS ST,Uptown Triangle,,47.62031471,-122.344991015,34,600.0,2
6TH AVE N BETWEEN ROY ST AND VALLEY ST,Uptown,,47.62584165,-122.34499983,3,240.0,1
6TH AVE N BETWEEN VALLEY ST AND ALOHA ST,Uptown,,47.62670975,-122.34488724,10,240.0,1
6TH AVE S BETWEEN S JACKSON ST AND S KING ST,Chinatown/ID,,47.598771240000005,-122.32636221499999,10,120.0,2
6TH AVE S BETWEEN S KING ST AND S WELLER ST,Chinatown/ID,,47.59793449,-122.326365495,15,120.0,2
6TH AVE S BETWEEN S LANE ST AND S DEARBORN ST,Chinatown/ID,,47.596278635000004,-122.32637204,12,120.0,2
6TH AVE S BETWEEN S MAIN ST AND S JACKSON ST,Chinatown/ID,,47.599612405,-122.32635880000001,13,120.0,2
6TH AVE S BETWEEN S WELLER ST AND S LANE ST,Chinatown/ID,,47.597086149999996,-122.326368825,12,120.0,2
7TH AVE BETWEEN BELL ST AND DEXTER AVE,Denny Triangle,North,47.61769659,-122.34172753,5,240.0,1
7TH AVE BETWEEN BLANCHARD ST AND BELL ST,Denny Triangle,North,47.616969815000004,-122.34072011,15,240.0,2
7TH AVE BETWEEN CHERRY ST AND COLUMBIA ST,First Hill,,47.60573702,-122.32786582,5,120.0,1
7TH AVE BETWEEN JAMES ST AND CHERRY ST,First Hill,,47.60499284,-122.327311345,14,120.0,2
7TH AVE BETWEEN LENORA ST AND BLANCHARD ST,Denny Triangle,North,47.6162881,-122.33933279,13,120.0,1
7TH AVE BETWEEN MADISON ST AND SPRING ST,First Hill,,47.60788056,-122.32985799,6,120.0,1
7TH AVE BETWEEN MADISON ST OFF RP AND MADISON ST,First Hill,,47.60718833,-122.32922007,6,120.0,1
7TH AVE BETWEEN OLIVE WAY AND STEWART ST,Denny Triangle,South,47.61399229,-122.33560622,6,120.0,1
7TH AVE BETWEEN PINE ST AND OLIVE WAY,Commercial Core,Retail,47.61312767,-122.33463505,9,120.0,1
7TH AVE BETWEEN STEWART ST AND VIRGINIA ST,Denny Triangle,South,47.6146276,-122.33687047,2,120.0,1
7TH AVE BETWEEN WESTLAKE AVE AND LENORA ST,Denny Triangle,South,47.615585925000005,-122.3383484,10,120.0,2
7TH AVE S BETWEEN S JACKSON ST AND S KING ST,Chinatown/ID,,47.598746000000006,-122.323752005,10,120.0,2
7TH AVE S BETWEEN S KING ST AND S WELLER ST,Chinatown/ID,,47.597905775,-122.32375941000001,12,120.0,2
7TH AVE S BETWEEN S MAIN ST AND S JACKSON ST,Chinatown/ID,,47.59958428,-122.32375254,12,120.0,2
7TH AVE S BETWEEN S WELLER ST AND S LANE ST,Chinatown/ID,,47.597088805,-122.323758545,15,120.0,2
8TH AVE BETWEEN BELL ST AND DENNY WAY,Denny Triangle,North,47.61827758,-122.34090523500001,11,240.0,2
8TH AVE BETWEEN BLANCHARD ST AND BELL ST,Denny Triangle,North,47.617634125,-122.33985116,5,240.0,2
8TH AVE BETWEEN CHERRY ST AND COLUMBIA ST,First Hill,,47.606160855,-122.326837015,8,120.0,2
8TH AVE BETWEEN COLUMBIA ST AND MARION ST,First Hill,,47.60689983,-122.32742018,5,120.0,1
8TH AVE BETWEEN JAMES ST AND CHERRY ST,First Hill,,47.60546314,-122.326198585,11,120.0,2
8TH AVE BETWEEN MADISON ST AND SPRING ST,First Hill,,47.60828548,-122.32885421,6,120.0,1
8TH AVE BETWEEN MARION ST AND MADISON ST,First Hill,,47.60759861,-122.32806872,3,120.0,1
8TH AVE BETWEEN OLIVE WAY AND STEWART ST,Denny Triangle,South,47.61448278,-122.33478081,6,120.0,1
8TH AVE BETWEEN SPRING ST AND SENECA ST,First Hill,,47.6090517,-122.32941216,4,120.0,1
8TH AVE BETWEEN STEWART ST AND VIRGINIA ST,Denny Triangle,South,47.61540116,-122.33591854,6,120.0,1
8TH AVE BETWEEN VIRGINIA ST AND WESTLAKE AVE,Denny Triangle,South,47.6160495,-122.33732798,7,120.0,1
8TH AVE BETWEEN WESTLAKE AVE AND BLANCHARD ST,Denny Triangle,North,47.61706453,-122.33869955,4,240.0,1
8TH AVE N BETWEEN ALOHA ST AND WESTLAKE S AVE N,South Lake Union,North,47.62818988,-122.340988045,40,600.0,2
8TH AVE N BETWEEN HARRISON ST AND REPUBLICAN ST,South Lake Union,South,47.622659729999995,-122.34106069500001,12,120.0,2
8TH AVE N BETWEEN JOHN ST AND THOMAS ST,South Lake Union,South,47.62032526,-122.34108330999999,34,120.0,2
8TH AVE N BETWEEN REPUBLICAN ST AND MERCER SR ST,South Lake Union,South,47.623907615,-122.341051455,24,600.0,2
8TH AVE N BETWEEN ROY ST AND VALLEY ST,South Lake Union,North,47.625844455,-122.341031765,15,600.0,2
8TH AVE N BETWEEN VALLEY ST AND ALOHA ST,South Lake Union,North,47.626678745,-122.341024155,17,600.0,2
8TH AVE S BETWEEN S JACKSON ST AND S KING ST,Chinatown/ID,,47.5987507,-122.32256818,4,120.0,1
8TH AVE S BETWEEN S KING ST AND S WELLER ST,Chinatown/ID,,47.59792611,-122.32245003,8,120.0,2
8TH AVE S BETWEEN S WELLER ST AND S LANE ST,Chinatown/ID,,47.597084655,-122.322453475,12,120.0,2
9TH AVE BETWEEN 9TH AV I5 EXPRESS ON RP AND PINE ST,Commercial Core,Retail,47.61315189,-122.33170522,9,120.0,2
9TH AVE BETWEEN CHERRY ST AND COLUMBIA ST,First Hill,,47.60662868,-122.325729575,11,120.0,2
9TH AVE BETWEEN COLUMBIA ST AND MARION ST,First Hill,,47.607340585,-122.32638358,9,120.0,2
9TH AVE BETWEEN E FIR ST AND ALDER ST,First Hill,,47.60310302,-122.32239979,5,120.0,1
9TH AVE BETWEEN HOWELL ST AND STEWART ST,Denny Triangle,North,47.61529696,-122.3337482,11,240.0,1
9TH AVE BETWEEN LENORA ST AND BLANCHARD ST,Denny Triangle,North,47.61759839,-122.33766765,8,240.0,1
9TH AVE BETWEEN MADISON ST AND SPRING ST,First Hill,,47.60875479,-122.32780118,6,120.0,1
9TH AVE BETWEEN MARION ST AND MADISON ST,First Hill,,47.60805784,-122.32703998,8,120.0,2
9TH AVE BETWEEN PINE ST AND OLIVE WAY,Commercial Core,Retail,47.61399482,-122.33257858,7,120.0,1
9TH AVE BETWEEN SENECA ST AND UNIVERSITY ST,First Hill,,47.61018833,-122.32906872,4,120.0,1
9TH AVE BETWEEN SPRING ST AND SENECA ST,First Hill,,47.60945231,-122.32843867,6,120.0,1
9TH AVE BETWEEN STEWART ST AND VIRGINIA ST,Denny Triangle,North,47.61600319,-122.33508986,6,240.0,2
9TH AVE BETWEEN VIRGINIA ST AND LENORA ST,Denny Triangle,North,47.616767185,-122.33638453500001,10,240.0,2
9TH AVE BETWEEN WESTLAKE AVE AND DENNY WAY,Denny Triangle,North,47.61827352,-122.33879349,3,240.0,1
9TH AVE N BETWEEN DENNY WAY AND JOHN ST,South Lake Union,South,47.61912274,-122.33968381,13,600.0,1
9TH AVE N BETWEEN HARRISON ST AND REPUBLICAN ST,South Lake Union,South,47.62261473,-122.33966666,11,120.0,1
9TH AVE N BETWEEN JOHN ST AND THOMAS ST,South Lake Union,South,47.62029437,-122.33968445,10,120.0,1
9TH AVE N BETWEEN REPUBLICAN ST AND MERCER SR ST,South Lake Union,South,47.62387194,-122.33965677,2,600.0,1
9TH AVE N BETWEEN ROY ST AND WESTLAKE AVE N,South Lake Union,North,47.62609289,-122.33958113,5,600.0,1
9TH AVE N BETWEEN THOMAS ST AND HARRISON ST,South Lake Union,South,47.62144373,-122.33986607,4,120.0,1
9TH AVE NE BETWEEN NE 45TH E ST AND NE 47TH ST,University District,Edge,47.66221317,-122.31846159,15,240.0,1
ALASKAN ER WAY BETWEEN MADISON ST AND SPRING ST,Commercial Core,Waterfront,47.60431112,-122.3383856,8,120.0,1
ALASKAN ER WAY BETWEEN MARION ST AND MADISON ST,Commercial Core,Waterfront,47.60358859,-122.33775965,6,120.0,1
ALASKAN ER WAY S BETWEEN S JACKSON ST AND S KING ST,Pioneer Square,Edge,47.59873136,-122.33541746,6,120.0,1
ALASKAN ER WAY S BETWEEN S WASHINGTON ST AND S MAIN ST,Pioneer Square,Edge,47.60045004,-122.33545189,4,120.0,1
ALASKAN ER WAY S BETWEEN YESLER WAY AND S WASHINGTON ST,Pioneer Square,Edge,47.60129626,-122.33564153,2,120.0,1
ALASKAN WAY BETWEEN BLANCHARD ST AND XW BELL ST,Belltown,South,47.61117107,-122.34809425,12,120.0,1
ALASKAN WAY BETWEEN CLAY ST AND BROAD ST,Belltown,North,47.61461633,-122.35452821,6,240.0,1
ALASKAN WAY BETWEEN LENORA ST AND BLANCHARD ST,Belltown,South,47.610335004999996,-122.3468842,15,120.0,2
ALASKAN WAY BETWEEN SPRING ST AND SENECA ST,Commercial Core,Waterfront,47.60486127,-122.33933288,8,120.0,1
ALASKAN WAY BETWEEN UNION ST AND PIKE HILL CLIMB,Commercial Core,Waterfront,47.60739771,-122.34183478,6,120.0,1
ALASKAN WAY BETWEEN UNIVERSITY ST AND UNION ST,Commercial Core,Waterfront,47.60644231,-122.3407868,4,120.0,1
ALASKAN WAY BETWEEN VINE ST AND CLAY ST,Belltown,North,47.613851195,-122.353071225,15,240.0,2
ALASKAN WAY BETWEEN VIRGINIA ST AND LENORA ST,Belltown,South,47.609588665000004,-122.34561253999999,21,120.0,2
ALASKAN WAY BETWEEN XW BELL ST AND WALL ST,Belltown,North,47.61220724,-122.34987647,8,240.0,1
ALDER ST BETWEEN 9TH AVE AND TERRY AVE,First Hill,,47.603646335,-122.32222189000001,19,120.0,2
ALDER ST BETWEEN DEAD END AND 9TH AVE,First Hill,,47.60303707,-122.32354044,8,120.0,1
ALDER ST BETWEEN TERRY AVE AND BROADWAY,First Hill,,47.604072435,-122.321218165,10,120.0,2
ALOHA ST BETWEEN 4TH AVE N AND 5TH AVE N,Uptown,,47.6271261,-122.34820537,4,120.0,1
ALOHA ST BETWEEN 5TH AVE N AND TAYLOR AVE N,Uptown,,47.62712158,-122.34689962,1,120.0,1
ALOHA ST BETWEEN 8TH AVE N AND 9TH AVE N,South Lake Union,North,47.62720712,-122.34036244,15,600.0,1
ALOHA ST BETWEEN AURORA AVE N AND DEXTER AVE N,South Lake Union,North,47.62714097,-122.34286821,12,600.0,2
ALOHA ST BETWEEN DEXTER AVE N AND 8TH AVE N,South Lake Union,North,47.62713603500001,-122.34165906999999,16,600.0,2
ALOHA ST BETWEEN MINOR AVE N AND YALE AVE N,South Lake Union,North,47.62685924,-122.33161919,19,600.0,2
ALOHA ST BETWEEN YALE AVE N AND EASTLAKE AVE E,South Lake Union,North,47.6269241,-122.33007554,7,120.0,1
BALLARD AVE NW BETWEEN 20TH AVE NW AND NW VERNON PL,Ballard,Core,47.665982549999995,-122.382695995,7,120.0,2
BALLARD AVE NW BETWEEN 22ND AVE NW AND NW MARKET ST,Ballard,Core,47.66816215,-122.385613095,33,120.0,2
BALLARD AVE NW BETWEEN NW DOCK PL AND NW IONE PL,Ballard,Edge,47.66478037,-122.381283145,7,240.0,2
BALLARD AVE NW BETWEEN NW VERNON PL AND 22ND AVE NW,Ballard,Core,47.667058495000006,-122.383964045,25,120.0,2
BARNES AVE NW BETWEEN 17TH AVE NW AND NW MARKET ST,Ballard,Edge,47.668073835,-122.3796459,25,240.0,2
BATTERY ST BETWEEN 1ST AVE AND 2ND AVE,Belltown,North,47.614489075,-122.34737247000001,25,240.0,2
BATTERY ST BETWEEN 2ND AVE AND 3RD AVE,Belltown,North,47.615131885,-122.346535595,16,240.0,2
BATTERY ST BETWEEN 3RD AVE AND 4TH AVE,Belltown,North,47.615831275000005,-122.34563104,6,240.0,2
BATTERY ST BETWEEN 4TH AVE AND 5TH AVE,Belltown,North,47.616468935,-122.34480644,12,240.0,2
BATTERY ST BETWEEN 5TH AVE AND AURORA AVE,Belltown,North,47.61713906,-122.34395068,10,240.0,2
BATTERY ST BETWEEN ELLIOTT AVE AND WESTERN AVE,Belltown,North,47.613162745,-122.3490801,11,240.0,2
BAY ST BETWEEN WESTERN AVE AND 1ST AVE,Belltown,North,47.618126775,-122.355573505,10,240.0,2
BELL ST BETWEEN 3RD AVE AND 4TH AVE,Belltown,South,47.61501529,-122.34425708,2,120.0,1
BELL ST BETWEEN 4TH AVE AND 5TH AVE,Belltown,South,47.61568046,-122.34339648,5,120.0,1
BELL ST BETWEEN 5TH AVE AND 6TH AVE,Belltown,South,47.61642924,-122.34267545,8,120.0,1
BELL ST BETWEEN 6TH AVE AND 7TH AVE,Denny Triangle,North,47.61701942,-122.34168549,5,240.0,1
BELL ST BETWEEN 8TH AVE AND DENNY WAY,Denny Triangle,North,47.6182605,-122.34007491,4,240.0,1
BELL ST BETWEEN WESTERN AVE AND 1ST AVE,Belltown,South,47.61302495,-122.34684189,6,120.0,1
BELMONT AVE BETWEEN E PIKE ST AND E PINE ST,Pike-Pine,,47.614670000000004,-122.324465445,19,120.0,2
BELMONT AVE BETWEEN E PINE ST AND E OLIVE ST,Capitol Hill,South,47.615812425,-122.32448005,27,120.0,2
BELMONT AVE BETWEEN E UNION ST AND E PIKE ST,Pike-Pine,,47.61353905,-122.32450368,7,120.0,1
BLANCHARD ST BETWEEN 1ST AVE AND 2ND AVE,Belltown,South,47.612961479999996,-122.344754055,21,120.0,2
BLANCHARD ST BETWEEN 2ND AVE AND 3RD AVE,Belltown,South,47.613620005,-122.343905155,19,120.0,2
BLANCHARD ST BETWEEN 3RD AVE AND 4TH AVE,Belltown,South,47.614298590000004,-122.343024675,14,120.0,2
BLANCHARD ST BETWEEN 4TH AVE AND 5TH AVE,Belltown,South,47.614959955,-122.34216925000001,10,120.0,2
BLANCHARD ST BETWEEN 5TH AVE AND 6TH AVE,Belltown,South,47.61566637,-122.34138494,7,120.0,1
BLANCHARD ST BETWEEN 6TH AVE AND 7TH AVE,Denny Triangle,North,47.61632966,-122.3405162,4,240.0,1
BLANCHARD ST BETWEEN WESTERN AVE AND 1ST AVE,Belltown,South,47.612293585,-122.34561755499999,12,120.0,2
BOREN AVE BETWEEN FAIRVIEW AVE AND DENNY WAY,Denny Triangle,North,47.61820994,-122.334852985,11,240.0,2
BOREN AVE N BETWEEN DENNY WAY AND JOHN ST,South Lake Union,South,47.619123259999995,-122.33587126500001,5,600.0,2
BOREN AVE N BETWEEN HARRISON ST AND REPUBLICAN ST,South Lake Union,South,47.62260781,-122.33584278000001,33,600.0,2
BOREN AVE N BETWEEN JOHN ST AND THOMAS ST,South Lake Union,South,47.620276790000005,-122.335861815,17,120.0,2
BOREN AVE N BETWEEN REPUBLICAN ST AND MERCER SR ST,South Lake Union,South,47.623868315,-122.335830585,12,120.0,2
BOREN AVE N BETWEEN THOMAS ST AND HARRISON ST,South Lake Union,South,47.621424989999994,-122.335852415,5,120.0,2
BOYLSTON AVE BETWEEN E PIKE ST AND E PINE ST,Pike-Pine,,47.6146611,-122.3234816,7,120.0,1
BOYLSTON AVE BETWEEN E PINE ST AND E OLIVE ST,Capitol Hill,South,47.61581966,-122.32352842,5,120.0,1
BOYLSTON AVE BETWEEN E UNION ST AND E PIKE ST,Pike-Pine,,47.61352495,-122.32346094,9,120.0,1
BOYLSTON AVE BETWEEN MADISON ST AND SPRING ST,First Hill,,47.611105484999996,-122.32217606500001,13,120.0,2
BOYLSTON AVE BETWEEN MARION ST AND MADISON ST,First Hill,,47.61039901,-122.3214265,5,120.0,1
BOYLSTON AVE BETWEEN SENECA ST AND UNIVERSITY W ST,First Hill,,47.612532915,-122.32346695999999,15,120.0,2
BOYLSTON AVE BETWEEN SPRING ST AND SENECA ST,First Hill,,47.61180567,-122.32278894000001,14,120.0,2
BROAD ST BETWEEN 2ND AVE AND 3RD AVE,Belltown,North,47.61796364,-122.35129465,6,240.0,1
BROAD ST BETWEEN DENNY WAY AND 4TH AVE N,Uptown Triangle,,47.61915913,-122.349603785,14,240.0,2
BROAD ST BETWEEN JOHN ST AND 5TH AVE N,Uptown Triangle,,47.62018289,-122.348136,5,240.0,1
BROAD ST BETWEEN WESTERN AVE AND 1ST AVE,Belltown,North,47.61664133,-122.35303647,5,240.0,1
BROADWAY BETWEEN BOYLSTON AVE AND MARION ST,First Hill,,47.60984775,-122.32064833,3,120.0,1
BROADWAY BETWEEN E PIKE ST AND E PINE ST,Pike-Pine,,47.61467932,-122.32089936,8,120.0,1
BROADWAY BETWEEN E PINE ST AND XW E OLIVE ST,Capitol Hill,South,47.61585617,-122.32081861,16,120.0,2
BROADWAY BETWEEN HARVARD AVE AND E UNION ST,First Hill,,47.6121046,-122.32063959,7,120.0,1
BROADWAY BETWEEN MARION ST AND MADISON ST,First Hill,,47.61063958,-122.32064974,3,120.0,1
BROADWAY BETWEEN XW E OLIVE ST AND E HOWELL ST,Capitol Hill,South,47.616950380000006,-122.320825885,16,120.0,2
BROADWAY BETWEEN YESLER WAY AND E FIR ST,First Hill,,47.602198195,-122.32073863,12,120.0,2
BROADWAY CT BETWEEN E MADISON ST AND E SENECA ST,Pike-Pine,,47.61188096,-122.31980299,6,240.0,1
BROADWAY CT BETWEEN E SENECA ST AND E UNION ST,Pike-Pine,,47.61255277,-122.31980685,5,240.0,1
BROADWAY E BETWEEN E DENNY WAY AND E OLIVE WAY,Capitol Hill,South,47.61932366,-122.32086165999999,17,120.0,2
BROADWAY E BETWEEN E HARRISON ST AND E REPUBLICAN ST,Capitol Hill,North,47.622555765,-122.320915175,12,120.0,2
BROADWAY E BETWEEN E MERCER ST AND E ROY E ST,Capitol Hill,North,47.624661975,-122.32094882999999,12,120.0,2
BROADWAY E BETWEEN E OLIVE WAY AND E THOMAS ST,Capitol Hill,North,47.62050824,-122.32088052,17,120.0,2
BROADWAY E BETWEEN E REPUBLICAN ST AND E MERCER ST,Capitol Hill,North,47.623688775,-122.320927075,20,120.0,2
BROADWAY E BETWEEN E ROY W ST AND E ALOHA ST,Capitol Hill,North,47.62597214,-122.32141642,6,120.0,1
BROADWAY E BETWEEN E THOMAS ST AND E HARRISON ST,Capitol Hill,North,47.621529285,-122.3208928,19,120.0,2
BROOKLYN AVE NE BETWEEN NE 41ST ST AND NE 42ND ST,University District,Core,47.65756036,-122.31438351,34,120.0,2
BROOKLYN AVE NE BETWEEN NE 42ND ST AND NE 43RD ST,University District,Core,47.659040020000006,-122.31434056,23,120.0,2
BROOKLYN AVE NE BETWEEN NE 43RD ST AND NE 45TH ST,University District,Core,47.6605153,-122.31439334,8,120.0,1
BROOKLYN AVE NE BETWEEN NE 45TH ST AND NE 47TH ST,University District,Core,47.66217406,-122.31432926,14,120.0,1
BROOKLYN AVE NE BETWEEN NE 47TH ST AND NE 50TH ST,University District,Core,47.664004059999996,-122.314224055,35,120.0,2
BROOKLYN AVE NE BETWEEN NE 65TH ST AND NE 66TH ST,Roosevelt,,47.67616419,-122.31440402,4,240.0,1
CEDAR ST BETWEEN 1ST AVE AND 2ND AVE,Belltown,North,47.61614903,-122.35016709,12,240.0,2
CEDAR ST BETWEEN 2ND AVE AND 3RD AVE,Belltown,North,47.616793705,-122.34933403,12,240.0,2
CEDAR ST BETWEEN 3RD AVE AND 4TH AVE,Belltown,North,47.617455245,-122.34846271999999,15,240.0,2
CEDAR ST BETWEEN 4TH AVE AND DENNY WAY,Belltown,North,47.61816151,-122.34762193,5,240.0,2
CEDAR ST BETWEEN ELLIOTT AVE AND WESTERN AVE,Belltown,North,47.614823475,-122.35188203999999,13,240.0,2
CEDAR ST BETWEEN WESTERN AVE AND 1ST AVE,Belltown,North,47.615477205,-122.351035935,15,240.0,2
CHERRY ST BETWEEN 1ST AVE AND 2ND AVE,Pioneer Square,Core,47.602808550000006,-122.33369145,15,120.0,2
CHERRY ST BETWEEN 2ND AVE AND 3RD AVE,Pioneer Square,Core,47.603260344999995,-122.33261571,11,120.0,2
CHERRY ST BETWEEN 3RD AVE AND 4TH AVE,Commercial Core,Financial,47.603715895,-122.33151166,13,120.0,2
CHERRY ST BETWEEN 4TH AVE AND 5TH AVE,Commercial Core,Financial,47.6042352,-122.33045145,11,120.0,1
CHERRY ST BETWEEN 7TH AVE AND 8TH AVE,First Hill,,47.60553137,-122.32700515,4,120.0,1
CHERRY ST BETWEEN 8TH AVE AND 9TH AVE,First Hill,,47.60600256,-122.32592436,7,120.0,1
CHERRY ST BETWEEN 9TH AVE AND TERRY AVE,First Hill,,47.606509055000004,-122.324828395,19,120.0,2
CHERRY ST BETWEEN BOREN AVE AND MINOR AVE,First Hill,,47.60739467,-122.32255557,11,120.0,1
CHERRY ST BETWEEN MINOR AVE AND BROADWAY,First Hill,,47.60787279,-122.32142554,3,120.0,1
CHERRY ST BETWEEN TERRY AVE AND BOREN AVE,First Hill,,47.60696168,-122.323745645,17,120.0,2
CLAY ST BETWEEN 1ST AVE AND 2ND AVE,Belltown,North,47.616687299999995,-122.35111885500001,17,240.0,2
CLAY ST BETWEEN 2ND AVE AND 3RD AVE,Belltown,North,47.61740397,-122.35035405,14,240.0,1
CLAY ST BETWEEN 3RD AVE AND 4TH AVE,Belltown,North,47.618028915,-122.34938722,14,240.0,2
CLAY ST BETWEEN ELLIOTT AVE AND WESTERN AVE,Belltown,North,47.615373919999996,-122.35281703999999,26,240.0,2
CLAY ST BETWEEN WESTERN AVE AND 1ST AVE,Belltown,North,47.616023425,-122.35199055,21,240.0,2
COLUMBIA ST BETWEEN 3RD AVE AND 4TH AVE,Commercial Core,Financial,47.604427545,-122.332163645,9,120.0,2
COLUMBIA ST BETWEEN 4TH AVE AND 5TH AVE,Commercial Core,Financial,47.604896015,-122.33104392,7,120.0,2
COLUMBIA ST BETWEEN 5TH AVE AND 6TH AVE,Commercial Core,Financial,47.60541497,-122.3299804,6,120.0,1
COLUMBIA ST BETWEEN 7TH AVE AND 8TH AVE,First Hill,,47.60626271,-122.327653,7,120.0,1
COLUMBIA ST BETWEEN 8TH AVE AND 9TH AVE,First Hill,,47.606704,-122.32659016,9,120.0,1
COLUMBIA ST BETWEEN 9TH AVE AND TERRY AVE,First Hill,,47.607223765,-122.32548568,17,120.0,2
COLUMBIA ST BETWEEN TERRY AVE AND BOREN AVE,First Hill,,47.607679315,-122.324388425,15,120.0,2
DENNY LOWER WAY BETWEEN STEWART ST AND EASTLAKE AVE,South Lake Union,South,47.61857744,-122.32979337,5,120.0,1
DEXTER AVE N BETWEEN ALOHA ST AND WARD ST,South Lake Union,North,47.627581705,-122.342322665,12,120.0,2
DEXTER AVE N BETWEEN COMSTOCK ST AND LEE ST,South Lake Union,North,47.63097942,-122.34229257,16,120.0,2
DEXTER AVE N BETWEEN DENNY WAY AND JOHN ST,South Lake Union,South,47.61913113,-122.342396815,5,120.0,2
DEXTER AVE N BETWEEN HARRISON ST AND REPUBLICAN ST,South Lake Union,South,47.62263094,-122.34221647,5,120.0,1
DEXTER AVE N BETWEEN HIGHLAND DR AND COMSTOCK ST,South Lake Union,North,47.630143445,-122.342299845,11,120.0,2
DEXTER AVE N BETWEEN JOHN ST AND THOMAS ST,South Lake Union,South,47.620304005,-122.34238672000001,16,120.0,2
DEXTER AVE N BETWEEN LEE ST AND GALER ST,South Lake Union,North,47.63183628,-122.342285315,16,120.0,2
DEXTER AVE N BETWEEN PROSPECT ST AND HIGHLAND DR,South Lake Union,North,47.629295125,-122.34230743,11,120.0,2
DEXTER AVE N BETWEEN REPUBLICAN ST AND MERCER ST,South Lake Union,South,47.62379307,-122.34251847,3,120.0,1
DEXTER AVE N BETWEEN THOMAS ST AND HARRISON ST,South Lake Union,South,47.62147617,-122.342376625,8,120.0,2
DEXTER AVE N BETWEEN VALLEY ST AND ALOHA ST,South Lake Union,North,47.62670217,-122.34220881,2,600.0,1
DEXTER AVE N BETWEEN WARD ST AND PROSPECT ST,South Lake Union,North,47.628445715,-122.34231499500001,17,120.0,2
E BLAINE ST BETWEEN FAIRVIEW AVE E AND EASTLAKE AVE E,South Lake Union,North,47.63486592,-122.32607078,24,240.0,2
E CHERRY ST BETWEEN 16TH AVE AND 17TH AVE,Cherry Hill,,47.60797363,-122.31086289,10,120.0,1
E CHERRY ST BETWEEN 17TH AVE AND 18TH AVE,Cherry Hill,,47.60802605,-122.309613605,19,120.0,2
E CHERRY ST BETWEEN BROADWAY AND DEAD END,First Hill,,47.60799308,-122.32002768,3,120.0,1
E DENNY WAY BETWEEN 10TH AVE E AND 11TH AVE,Capitol Hill,South,47.61871263,-122.31892184,9,240.0,1
E DENNY WAY BETWEEN 15TH AVE AND 16TH AVE,15th Avenue E,,47.6185543,-122.31209469,4,120.0,1
E HARRISON ST BETWEEN BROADWAY E AND 10TH AVE E,Capitol Hill,North,47.62194122,-122.32036323,4,120.0,1
E JEFFERSON ST BETWEEN 17TH AVE AND 18TH AVE,Cherry Hill,,47.60617558,-122.30960869,9,120.0,2
E MADISON ST BETWEEN 10TH AVE AND E SENECA ST,Pike-Pine,,47.61191344,-122.31878899,10,240.0,1
E MADISON ST BETWEEN BROADWAY CT AND 10TH AVE,Pike-Pine,,47.61159553,-122.3195596,2,240.0,1
E MERCER ST BETWEEN BROADWAY E AND 10TH AVE E,Capitol Hill,North,47.62420511,-122.32039978,2,120.0,1
E NELSON PL BETWEEN EASTLAKE AVE E AND DEAD END,South Lake Union,North,47.630450409999995,-122.327308315,6,600.0,2
E OLIVE WAY BETWEEN HARVARD AVE E AND BROADWAY E,Capitol Hill,South,47.61997118,-122.32158697,1,120.0,1
E PIKE ST BETWEEN 10TH AVE AND 11TH AVE,Pike-Pine,,47.614089785000004,-122.31879589,10,120.0,2
E PIKE ST BETWEEN 11TH AVE AND 12TH AVE,Pike-Pine,,47.61409631,-122.317495425,12,120.0,2
E PIKE ST BETWEEN 12TH AVE AND 13TH AVE,Pike-Pine,,47.614108595000005,-122.316146555,21,120.0,2
E PIKE ST BETWEEN 13TH AVE AND 14TH AVE,Pike-Pine,,47.61411746,-122.31488714,15,120.0,2
E PIKE ST BETWEEN BELMONT AVE AND BOYLSTON AVE,Pike-Pine,,47.61403153,-122.32394016,5,120.0,1
E PIKE ST BETWEEN BOYLSTON AVE AND HARVARD AVE,Pike-Pine,,47.61399996,-122.32276436,6,120.0,1
E PIKE ST BETWEEN BROADWAY AND 10TH AVE,Pike-Pine,,47.61408216,-122.32006106,13,120.0,2
E PIKE ST BETWEEN HARVARD AVE AND BROADWAY,Pike-Pine,,47.61400239,-122.3214466,4,120.0,1
E PIKE ST BETWEEN SUMMIT AVE AND BELMONT AVE,Pike-Pine,,47.6140229,-122.32499531,3,120.0,1
E PINE ST BETWEEN 11TH AVE AND 12TH AVE,Pike-Pine,,47.6152783,-122.31751417999999,14,120.0,2
E PINE ST BETWEEN 12TH AVE AND 13TH AVE,Pike-Pine,,47.615271495,-122.316149885,7,120.0,2
E PINE ST BETWEEN 13TH AVE AND 14TH AVE,Pike-Pine,,47.615278765,-122.31490157,8,120.0,2
E PINE ST BETWEEN 14TH AVE AND 15TH AVE,Pike-Pine,,47.61529414,-122.313498315,12,120.0,2
E PINE ST BETWEEN BELLEVUE AVE AND CRAWFORD PL,Pike-Pine,,47.61529836,-122.32647201,4,120.0,1
E PINE ST BETWEEN BELMONT AVE AND BOYLSTON AVE,Pike-Pine,,47.615236405000005,-122.323926,12,120.0,2
E PINE ST BETWEEN BOYLSTON AVE AND HARVARD AVE,Pike-Pine,,47.61523686,-122.322778685,11,120.0,2
E PINE ST BETWEEN BROADWAY AND NAGLE PL,Pike-Pine,,47.61533442,-122.32035445,2,120.0,1
E PINE ST BETWEEN CRAWFORD PL AND SUMMIT AVE,Pike-Pine,,47.61514809,-122.32587891,2,120.0,1
E PINE ST BETWEEN HARVARD AVE AND BROADWAY,Pike-Pine,,47.61532115,-122.32146768,3,120.0,1
E PINE ST BETWEEN MELROSE AVE AND BELLEVUE AVE,Pike-Pine,,47.61514566,-122.32733505,8,120.0,1
E REPUBLICAN ST BETWEEN 15TH N AVE E AND 16TH AVE E,15th Avenue E,,47.62326036,-122.31198370499999,5,120.0,2
E REPUBLICAN ST BETWEEN BROADWAY E AND 10TH AVE E,Capitol Hill,North,47.62308318,-122.32036529,6,120.0,1
E ROY ST BETWEEN BROADWAY E  E AND 10TH W AVE E,Capitol Hill,North,47.62518096,-122.32051138,3,120.0,1
E SENECA ST BETWEEN 10TH AVE AND E MADISON ST,Pike-Pine,,47.612180935,-122.31892139499999,11,120.0,2
E THOMAS ST BETWEEN 15TH S AVE E AND 16TH AVE E,15th Avenue E,,47.62055062,-122.31204969,2,120.0,1
E THOMAS ST BETWEEN HARVARD AVE E AND BROADWAY E,Capitol Hill,North,47.62102996,-122.32156166,5,120.0,1
E UNION ST BETWEEN 10TH AVE AND 11TH AVE,Pike-Pine,,47.61293709,-122.318790615,10,120.0,2
E UNION ST BETWEEN 12TH AVE AND 13TH AVE,Pike-Pine,,47.61297261,-122.31611166,3,120.0,1
E UNION ST BETWEEN BOYLSTON AVE AND HARVARD AVE,Pike-Pine,,47.61304716,-122.32272028,7,120.0,1
E UNION ST BETWEEN BROADWAY AND BROADWAY CT,Pike-Pine,,47.612953295,-122.320254035,4,120.0,2
E UNION ST BETWEEN CRAWFORD PL AND SUMMIT AVE,Pike-Pine,,47.61293308,-122.32587764,5,120.0,1
EAGLE ST BETWEEN 1ST AVE AND 2ND WR AVE,Belltown,North,47.61803121,-122.353402035,12,240.0,2
EAGLE ST BETWEEN WESTERN AVE AND 1ST AVE,Belltown,North,47.61736216,-122.354266145,13,240.0,2
EAST GREEN LAKE DR N BETWEEN NE 72ND ST AND NE MAPLE LEAF PL,Green Lake,,47.68054512,-122.32586409,3,120.0,1
EAST GREEN LAKE WAY N BETWEEN 1ST AVE NE AND 2ND AVE NE,Green Lake,,47.67823695,-122.32790625,3,120.0,1
EAST GREEN LAKE WAY N BETWEEN 2ND AVE NE AND 4TH AVE NE,Green Lake,,47.67837391,-122.3271234,3,120.0,1
EAST GREEN LAKE WAY N BETWEEN 4TH AVE NE AND NE RAVENNA SR BV,Green Lake,,47.67867099,-122.32641739,5,120.0,1
EAST GREEN LAKE WAY N BETWEEN SUNNYSIDE AVE N AND 1ST AVE NE,Green Lake,,47.67826927,-122.32884207,3,120.0,1
EASTLAKE AVE BETWEEN HOWELL ST AND DENNY LOWER WAY,Denny Triangle,North,47.61818495,-122.32926153,5,240.0,1
EASTLAKE AVE E BETWEEN ALOHA ST AND WARD ST,South Lake Union,North,47.6273401,-122.32936627,9,600.0,1
EASTLAKE AVE E BETWEEN DENNY LOWER WAY AND STEWART ST,South Lake Union,South,47.61913534,-122.32925328,12,600.0,1
EASTLAKE AVE E BETWEEN E NELSON PL AND FAIRVIEW AVE N,South Lake Union,North,47.631310279999994,-122.32669730500001,25,600.0,2
EASTLAKE AVE E BETWEEN HARRISON ST AND REPUBLICAN ST,South Lake Union,South,47.62252079,-122.32927427,10,120.0,1
EASTLAKE AVE E BETWEEN LAKEVIEW BLVD E AND ALOHA ST,South Lake Union,North,47.62599666,-122.32935349,12,120.0,1
EASTLAKE AVE E BETWEEN PROSPECT ST AND E NELSON PL,South Lake Union,North,47.629631090000004,-122.328662375,28,600.0,2
EASTLAKE AVE E BETWEEN REPUBLICAN ST AND MERCER ST,South Lake Union,South,47.62369838,-122.32928164,4,120.0,1
EASTLAKE AVE E BETWEEN STEWART ST AND THOMAS ST,South Lake Union,South,47.62021914,-122.32926393,14,120.0,1
EASTLAKE AVE E BETWEEN THOMAS ST AND HARRISON ST,South Lake Union,South,47.6213762,-122.32922659,9,120.0,1
EASTLAKE AVE E BETWEEN WARD ST AND PROSPECT ST,South Lake Union,North,47.62823632,-122.32938631,10,600.0,1
ELLIOTT AVE BETWEEN BATTERY ST AND WALL ST,Belltown,North,47.613063625,-122.34995914000001,12,240.0,2
ELLIOTT AVE BETWEEN BAY ST AND W DENNY WAY,Belltown,North,47.61795877,-122.35741674,4,30.0,1
ELLIOTT AVE BETWEEN BELL ST AND BATTERY ST,Belltown,North,47.612398625,-122.34882895,15,240.0,2
ELLIOTT AVE BETWEEN CEDAR ST AND CLAY ST,Belltown,North,47.61478184,-122.35269231,9,240.0,1
ELLIOTT AVE BETWEEN CLAY ST AND BROAD ST,Belltown,North,47.615302314999994,-122.35373960499999,16,240.0,2
ELLIOTT AVE BETWEEN LENORA ST AND BLANCHARD ST,Belltown,South,47.611444655,-122.345828085,12,120.0,2
ELLIOTT AVE BETWEEN VINE ST AND CEDAR ST,Belltown,North,47.614195755,-122.35186163,11,240.0,2
ELLIOTT AVE BETWEEN WALL ST AND VINE ST,Belltown,North,47.61363912,-122.350925955,17,240.0,2
ELLIOTT AVE W BETWEEN W DENNY WAY AND ELLIOTT ER AVE W,Uptown,,47.61931383,-122.35917764,1,30.0,1
EVANSTON AVE N BETWEEN N 34TH ST AND N 35TH ST,Fremont,,47.650279955,-122.35129688,15,120.0,2
EVANSTON AVE N BETWEEN N 35TH ST AND N 36TH ST,Fremont,,47.651032015,-122.351305035,5,120.0,2
FAIRVIEW AVE E BETWEEN E GARFIELD ST AND E BLAINE ST,South Lake Union,North,47.63436135,-122.32687003,4,240.0,1
FAIRVIEW AVE N BETWEEN DENNY WAY AND JOHN ST,South Lake Union,South,47.61911853,-122.33419318,3,120.0,1
FAIRVIEW AVE N BETWEEN HARRISON ST AND REPUBLICAN ST,South Lake Union,South,47.62261088,-122.33443905,15,120.0,1
FAIRVIEW AVE N BETWEEN JOHN ST AND THOMAS ST,South Lake Union,South,47.62024125,-122.33419944,13,600.0,1
FAIRVIEW AVE N BETWEEN THOMAS ST AND HARRISON ST,South Lake Union,South,47.62141325,-122.334317615,26,600.0,2
FAIRVIEW NR AVE N BETWEEN YALE AVE N AND DEAD END,South Lake Union,North,47.62923993,-122.33049132,23,120.0,1
FREMONT AVE N BETWEEN FREMONT PL N AND N 36TH ST,Fremont,,47.650938735,-122.34989404,6,120.0,2
FREMONT PL N BETWEEN FREMONT AVE N AND N 36TH ST,Fremont,,47.65102833,-122.35055557,5,120.0,1
HARRISON ST BETWEEN 8TH AVE N AND 9TH AVE N,South Lake Union,South,47.62204602,-122.340428445,11,600.0,2
HARRISON ST BETWEEN 9TH AVE N AND WESTLAKE AVE N,South Lake Union,South,47.62204378,-122.33913624499999,10,120.0,2
HARRISON ST BETWEEN AURORA AVE N AND DEXTER AVE N,South Lake Union,South,47.62214055,-122.34302665,6,600.0,1
HARRISON ST BETWEEN BOREN AVE N AND FAIRVIEW AVE N,South Lake Union,South,47.62209926,-122.33513202,8,600.0,1
HARRISON ST BETWEEN DEXTER AVE N AND 8TH AVE N,South Lake Union,South,47.62205344,-122.34169417999999,10,600.0,2
HARRISON ST BETWEEN FAIRVIEW AVE N AND MINOR AVE N,South Lake Union,South,47.62205537,-122.33364073,4,120.0,1
HARRISON ST BETWEEN MINOR AVE N AND PONTIUS AVE N,South Lake Union,South,47.621969504999996,-122.332366435,15,120.0,2
HARRISON ST BETWEEN PONTIUS AVE N AND YALE AVE N,South Lake Union,South,47.62196995,-122.33107625,11,120.0,2
HARRISON ST BETWEEN WESTLAKE AVE N AND TERRY AVE N,South Lake Union,South,47.622038765,-122.337779375,5,120.0,2
HARRISON ST BETWEEN YALE AVE N AND EASTLAKE AVE E,South Lake Union,South,47.62192424,-122.329809,10,120.0,1
HARVARD AVE BETWEEN BROADWAY AND SPRING ST,First Hill,,47.61172363,-122.32110205,4,120.0,1
HARVARD AVE BETWEEN E OLIVE ST AND E HOWELL ST,Capitol Hill,South,47.61694224,-122.32205635,1,30.0,1
HARVARD AVE BETWEEN E PIKE ST AND E PINE ST,Pike-Pine,,47.614674859999994,-122.322120885,22,120.0,2
HARVARD AVE BETWEEN E PINE ST AND E OLIVE ST,Capitol Hill,South,47.61584917,-122.32203862,12,120.0,1
HARVARD AVE BETWEEN SPRING ST AND SENECA ST,First Hill,,47.6122992,-122.32172431000001,10,120.0,2
HOWELL ST BETWEEN 9TH AVE AND TERRY AVE,Denny Triangle,North,47.615173105,-122.332721365,20,240.0,2
HOWELL ST BETWEEN BOREN AVE AND MINOR AVE,Denny Triangle,North,47.61655931,-122.33105726,5,240.0,1
HOWELL ST BETWEEN MINOR AVE AND YALE AVE,Denny Triangle,North,47.61721619,-122.3302179,3,240.0,1
HOWELL ST BETWEEN TERRY AVE AND BOREN AVE,Denny Triangle,North,47.615839435,-122.331865395,17,240.0,2
HOWELL ST BETWEEN YALE AVE AND EASTLAKE AVE,Denny Triangle,North,47.61771697,-122.329559,4,240.0,1
HUBBELL PL BETWEEN 9TH AVE AND PIKE ST,First Hill,,47.6121682,-122.32995858,10,120.0,1
HUBBELL PL BETWEEN UNIVERSITY ST AND 9TH AVE,First Hill,,47.61057752,-122.33064935,13,120.0,1
JAMES ST BETWEEN 2ND AVE AND 3RD AVE,Pioneer Square,Core,47.60254385,-122.33194850999999,9,120.0,2
JAMES ST BETWEEN YESLER WAY AND 2ND AVE,Pioneer Square,Core,47.602086565,-122.333040155,14,120.0,2
JEFFERSON ST BETWEEN 4TH AVE AND 5TH AVE,Commercial Core,Financial,47.6027045,-122.32904642,16,120.0,1
JEFFERSON ST BETWEEN 5TH AVE AND 6TH AVE,Commercial Core,Financial,47.60317496,-122.32791788,6,120.0,1
JEFFERSON ST BETWEEN 9TH AVE AND TERRY AVE,First Hill,,47.60501562,-122.32356438,4,120.0,1
JEFFERSON ST BETWEEN TERRY AVE AND BOREN AVE,First Hill,,47.60548567,-122.32240985,9,120.0,1
JOHN ST BETWEEN 5TH AVE N AND TAYLOR AVE N,Uptown Triangle,,47.61973701,-122.34696046,14,240.0,2
JOHN ST BETWEEN 6TH AVE N AND 7TH SB AVE N,Uptown Triangle,,47.619727765,-122.34441665,7,600.0,2
JOHN ST BETWEEN 7TH NB AVE N AND DEXTER AVE N,South Lake Union,South,47.619726285,-122.342997875,7,600.0,2
JOHN ST BETWEEN 8TH AVE N AND 9TH AVE N,South Lake Union,South,47.6197113,-122.34046176499999,30,600.0,2
JOHN ST BETWEEN 9TH AVE N AND WESTLAKE AVE N,South Lake Union,South,47.619705095,-122.33908951000001,8,600.0,2
JOHN ST BETWEEN BROAD ST AND 5TH AVE N,Uptown Triangle,,47.61980447,-122.34817375,5,600.0,1
JOHN ST BETWEEN DEXTER AVE N AND 8TH AVE N,South Lake Union,South,47.619721035,-122.34167949,25,120.0,2
JOHN ST BETWEEN FAIRVIEW AVE N AND MINOR AVE N,South Lake Union,South,47.61966339,-122.33362238000001,16,120.0,2
JOHN ST BETWEEN MINOR AVE N AND PONTIUS E AVE N,South Lake Union,South,47.61966574,-122.332591525,18,120.0,2
JOHN ST BETWEEN PONTIUS E AVE N AND YALE AVE N,South Lake Union,South,47.619666885,-122.331066115,13,120.0,2
JOHN ST BETWEEN TAYLOR AVE N AND 6TH AVE N,Uptown Triangle,,47.619732375,-122.345679725,9,600.0,2
JOHN ST BETWEEN WARREN AVE N AND 2ND AVE N,Uptown,,47.619759775000006,-122.353483115,18,240.0,2
JOHN ST BETWEEN WESTLAKE AVE N AND TERRY AVE N,South Lake Union,South,47.619702919999995,-122.337826975,7,600.0,2
JOHN ST BETWEEN YALE AVE N AND EASTLAKE AVE E,South Lake Union,South,47.61967868,-122.32983383,15,120.0,2
LEARY AVE NW BETWEEN NW VERNON PL AND NW MARKET ST,Ballard,Core,47.667815195,-122.38347605999999,24,120.0,2
LENNY WILKENS WAY BETWEEN 1ST AVE N AND WARREN AVE N,Uptown,,47.62096903,-122.35478284,4,240.0,1
LENNY WILKENS WAY BETWEEN WARREN AVE N AND 2ND AVE N,Uptown,,47.620924645,-122.35347655000001,19,240.0,2
LENORA ST BETWEEN 1ST AVE AND 2ND AVE,Belltown,South,47.61217011,-122.34348169500001,12,120.0,2
LENORA ST BETWEEN 2ND AVE AND 3RD AVE,Belltown,South,47.61278643,-122.34256616,4,120.0,1
LENORA ST BETWEEN 3RD AVE AND 4TH AVE,Belltown,South,47.61344824,-122.34170472,8,120.0,1
LENORA ST BETWEEN 4TH AVE AND 5TH AVE,Belltown,South,47.614163895,-122.34090275,9,120.0,2
LENORA ST BETWEEN 5TH AVE AND 6TH AVE,Belltown,South,47.61482581,-122.340046675,16,120.0,2
LENORA ST BETWEEN 6TH AVE AND 7TH AVE,Denny Triangle,South,47.6154348,-122.33913495,3,120.0,1
LENORA ST BETWEEN 7TH AVE AND 8TH AVE,Denny Triangle,South,47.61602424,-122.33838309,5,120.0,1
LENORA ST BETWEEN 8TH AVE AND 9TH AVE,Denny Triangle,North,47.61675811,-122.33742376,1,240.0,1
LENORA ST BETWEEN 9TH AVE AND TERRY AVE,Denny Triangle,North,47.61755058,-122.33668489,4,240.0,1
LENORA ST BETWEEN TERRY AVE AND BOREN AVE,Denny Triangle,North,47.618147105,-122.33574783,15,240.0,2
LENORA ST BETWEEN TERRY AVE AND LENORA ST NB,Denny Triangle,North,47.618147105,-122.33574783,15,240.0,2
LENORA ST BETWEEN WESTERN AVE AND 1ST AVE,Belltown,South,47.61146223,-122.34427892,7,120.0,1
MADISON ST BETWEEN 2ND AVE AND 3RD AVE,Commercial Core,Financial,47.60534625,-122.33452079,3,120.0,1
MADISON ST BETWEEN 3RD AVE AND 4TH AVE,Commercial Core,Financial,47.60580762,-122.33341762,6,120.0,1
MADISON ST BETWEEN 4TH AVE AND 5TH AVE,Commercial Core,Financial,47.60627351,-122.33230366,3,120.0,1
MADISON ST BETWEEN 5TH AVE AND 6TH AVE,Commercial Core,Financial,47.60673566,-122.33119149,5,120.0,1
MADISON ST BETWEEN ALASKAN E RDWY WAY AND WESTERN AVE,Commercial Core,Waterfront,47.60401219,-122.33770957,4,120.0,1
MADISON ST BETWEEN POST AVE AND 1ST AVE,Commercial Core,Waterfront,47.60449757,-122.33654836,5,120.0,1
MADISON ST BETWEEN WESTERN AVE AND POST AVE,Commercial Core,Waterfront,47.60439636,-122.33710978,2,120.0,1
MARION ST BETWEEN 2ND AVE AND 3RD AVE,Commercial Core,Financial,47.60474615,-122.33392185,6,120.0,1
MARION ST BETWEEN 3RD AVE AND 4TH AVE,Commercial Core,Financial,47.6052007,-122.33283389,7,120.0,1
MARION ST BETWEEN 4TH AVE AND 5TH AVE,Commercial Core,Financial,47.60567221,-122.33170659,9,120.0,1
MARION ST BETWEEN 5TH AVE AND 6TH AVE,Commercial Core,Financial,47.60608445,-122.33056351,16,120.0,2
MARION ST BETWEEN 7TH AVE AND 8TH AVE,First Hill,,47.60700844,-122.328354265,12,120.0,2
MARION ST BETWEEN 8TH AVE AND 9TH AVE,First Hill,,47.60743217,-122.32723738,6,120.0,1
MARION ST BETWEEN 9TH AVE AND TERRY AVE,First Hill,,47.607936095,-122.32613247,17,120.0,2
MARION ST BETWEEN ALASKAN ER WAY AND WESTERN AVE,Commercial Core,Waterfront,47.60339811,-122.33714332,3,120.0,1
MARION ST BETWEEN TERRY AVE AND BOREN AVE,First Hill,,47.60839507,-122.32504284500001,10,120.0,2
MAYNARD AVE S BETWEEN S JACKSON ST AND S KING ST,Chinatown/ID,,47.59874797,-122.32498811,5,120.0,1
MAYNARD AVE S BETWEEN S KING ST AND S WELLER ST,Chinatown/ID,,47.59790648,-122.32506044499999,8,120.0,2
MAYNARD AVE S BETWEEN S LANE ST AND S DEARBORN ST,Chinatown/ID,,47.59626866,-122.32515195,6,120.0,1
MAYNARD AVE S BETWEEN S MAIN ST AND S JACKSON ST,Chinatown/ID,,47.59961074,-122.325053765,12,120.0,2
MAYNARD AVE S BETWEEN S WELLER ST AND S LANE ST,Chinatown/ID,,47.597073179999995,-122.32506782,14,120.0,2
MELROSE AVE BETWEEN PIKE ST AND PINE ST,Pike-Pine,,47.61466342,-122.327901715,10,120.0,2
MERCER NR ST BETWEEN 8TH AVE N AND 9TH AVE N,South Lake Union,South,47.62467469,-122.34044917,7,600.0,1
MERCER NR ST BETWEEN TERRY AVE N AND BOREN AVE N,South Lake Union,South,47.62473843,-122.33650821,6,600.0,1
MERCER NR ST BETWEEN WESTLAKE AVE N AND TERRY AVE N,South Lake Union,South,47.6247452,-122.33777132,6,600.0,1
MERCER SR ST BETWEEN 8TH AVE N AND 9TH AVE N,South Lake Union,South,47.62445789,-122.34041685,4,600.0,1
MERCER SR ST BETWEEN 9TH AVE N AND WESTLAKE AVE N,South Lake Union,South,47.62446547,-122.33917374,4,120.0,1
MERCER SR ST BETWEEN TERRY AVE N AND BOREN AVE N,South Lake Union,South,47.62447169,-122.33659908,2,600.0,1
MERCER SR ST BETWEEN WESTLAKE AVE N AND TERRY AVE N,South Lake Union,South,47.62446799,-122.33783456,4,600.0,1
MERCER ST BETWEEN 1ST AVE N AND WARREN AVE N,Uptown,,47.62449467,-122.3547637,4,240.0,1
MERCER ST BETWEEN 3RD AVE N AND 4TH AVE N,Uptown,,47.62465764,-122.35019179,14,240.0,1
MERCER ST BETWEEN MERCER SR ST AND MINOR AVE N,South Lake Union,South,47.62422099,-122.33342324,2,600.0,1
MERCER ST BETWEEN MINOR AVE N AND PONTIUS AVE N,South Lake Union,South,47.624264825,-122.33238933,10,120.0,2
MERCER ST BETWEEN PONTIUS AVE N AND YALE AVE N,South Lake Union,South,47.62427101,-122.33107733,15,120.0,2
MERCER ST BETWEEN QUEEN ANNE AVE N AND 1ST AVE N,Uptown,,47.62450385,-122.35605718,7,120.0,1
MERCER ST BETWEEN WARREN AVE N AND 2ND AVE N,Uptown,,47.62448372,-122.35347203,9,240.0,1
MERCER ST BETWEEN YALE AVE N AND EASTLAKE AVE E,South Lake Union,South,47.62427976,-122.32981917000001,13,120.0,2
MINOR AVE BETWEEN HOWELL ST AND STEWART ST,Denny Triangle,North,47.61722005,-122.331200335,15,240.0,2
MINOR AVE BETWEEN JAMES ST AND CHERRY ST,First Hill,,47.60734463,-122.32168833,5,120.0,1
MINOR AVE BETWEEN MADISON ST AND SPRING ST,First Hill,,47.610181765,-122.32436848,8,120.0,2
MINOR AVE BETWEEN MARION ST AND MADISON ST,First Hill,,47.60945302499999,-122.323692705,9,120.0,2
MINOR AVE BETWEEN OLIVE WAY AND HOWELL ST,Denny Triangle,North,47.61645359,-122.33001488,8,240.0,1
MINOR AVE BETWEEN PIKE ST AND PINE ST,Pike-Pine,,47.61459874,-122.32832119,8,120.0,1
MINOR AVE BETWEEN SENECA ST AND UNIVERSITY ST,First Hill,,47.61160444,-122.32566749,12,120.0,2
MINOR AVE BETWEEN SPRING ST AND SENECA ST,First Hill,,47.610876855,-122.32499841,15,120.0,2
MINOR AVE BETWEEN UNIVERSITY ST AND UNION ST,First Hill,,47.612439345,-122.326451085,15,120.0,2
MINOR AVE N BETWEEN DENNY WAY AND JOHN ST,South Lake Union,South,47.61909987,-122.33297648,20,600.0,2
MINOR AVE N BETWEEN HARRISON ST AND REPUBLICAN ST,South Lake Union,South,47.62254136,-122.33299042499999,25,600.0,2
MINOR AVE N BETWEEN JOHN ST AND THOMAS ST,South Lake Union,South,47.620248735000004,-122.33298112,13,600.0,2
MINOR AVE N BETWEEN REPUBLICAN ST AND MERCER ST,South Lake Union,South,47.62371014,-122.33300341500001,17,600.0,2
MINOR AVE N BETWEEN ROY ST AND VALLEY ST,South Lake Union,North,47.62553492,-122.33256573,21,600.0,2
MINOR AVE N BETWEEN THOMAS ST AND HARRISON ST,South Lake Union,South,47.621397665,-122.33298779,42,600.0,2
MINOR AVE N BETWEEN VALLEY ST AND ALOHA ST,South Lake Union,North,47.6264104,-122.33247238,10,600.0,1
N 35TH ST BETWEEN EVANSTON AVE N AND FREMONT AVE N,Fremont,,47.650662275,-122.350791675,20,120.0,2
N 36TH ST BETWEEN FREMONT PL N AND FREMONT AVE N,Fremont,,47.65135825,-122.35054548,10,120.0,1
NAGLE PL BETWEEN E HOWELL ST AND E DENNY WAY,Capitol Hill,South,47.6181567,-122.32012756,5,240.0,1
NE 40TH ST BETWEEN BROOKLYN AVE NE AND UNIVERSITY WAY NE,University District,Core,47.65541883,-122.31390998,6,120.0,1
NE 40TH ST BETWEEN UNIVERSITY WAY NE AND 15TH AVE NE,University District,Core,47.65540467,-122.31272946,4,120.0,1
NE 41ST ST BETWEEN 11TH AVE NE AND 12TH AVE NE,University District,Edge,47.65686757,-122.31611848,14,240.0,2
NE 41ST ST BETWEEN 12TH AVE NE AND BROOKLYN AVE NE,University District,Core,47.656857355,-122.31498949499999,14,120.0,2
NE 41ST ST BETWEEN BROOKLYN AVE NE AND UNIVERSITY WAY NE,University District,Core,47.65684412,-122.31383819499999,10,120.0,2
NE 41ST ST BETWEEN UNIVERSITY WAY NE AND 15TH AVE NE,University District,Core,47.656830605,-122.312645575,10,120.0,2
NE 42ND ST BETWEEN 11TH AVE NE AND 12TH AVE NE,University District,Edge,47.658349235,-122.31608976,14,240.0,2
NE 42ND ST BETWEEN 12TH AVE NE AND BROOKLYN AVE NE,University District,Core,47.658335574999995,-122.31494358500001,7,120.0,2
NE 42ND ST BETWEEN BROOKLYN AVE NE AND UNIVERSITY WAY NE,University District,Core,47.658321224999995,-122.313741785,10,120.0,2
NE 42ND ST BETWEEN UNIVERSITY WAY NE AND 15TH AVE NE,University District,Core,47.6583078,-122.31260889,13,120.0,2
NE 47TH ST BETWEEN 11TH AVE NE AND 12TH AVE NE,University District,Edge,47.6631053,-122.31579955500001,7,240.0,2
NE 47TH ST BETWEEN 9TH AVE NE AND ROOSEVELT WAY NE,University District,Edge,47.66312116,-122.317912595,7,240.0,2
NE 47TH ST BETWEEN BROOKLYN AVE NE AND UNIVERSITY WAY NE,University District,Core,47.663095735,-122.313671905,12,120.0,2
NE 47TH ST BETWEEN ROOSEVELT WAY NE AND 11TH AVE NE,University District,Edge,47.66317097,-122.31689232,4,240.0,1
NE 47TH ST BETWEEN UNIVERSITY WAY NE AND 15TH AVE NE,University District,Core,47.663100015,-122.312527465,8,120.0,2
NE 63RD ST BETWEEN ROOSEVELT WAY NE AND 12TH AVE NE,Roosevelt,,47.67409384,-122.31648828,10,240.0,1
NE 64TH ST BETWEEN 9TH AVE NE AND ROOSEVELT WAY NE,Roosevelt,,47.674982725,-122.31805138,15,240.0,2
NE 64TH ST BETWEEN ROOSEVELT WAY NE AND 12TH AVE NE,Roosevelt,,47.674979449999995,-122.316500365,7,240.0,2
NE 66TH ST BETWEEN 12TH AVE NE AND BROOKLYN AVE NE,Roosevelt,,47.67654735,-122.31501549,6,240.0,1
NE 66TH ST BETWEEN ROOSEVELT WAY NE AND 12TH AVE NE,Roosevelt,,47.6765921,-122.31678499,9,240.0,1
NE 70TH ST BETWEEN NE RAVENNA WB BV AND OSWEGO PL NE,Green Lake,,47.67912716,-122.324194125,6,120.0,2
NE 71ST ST BETWEEN EAST GREEN LAKE DR N AND WOODLAWN AVE NE,Green Lake,,47.679812465,-122.325061415,9,120.0,2
NE 71ST ST BETWEEN WOODLAWN AVE NE AND 5TH AVE NE,Green Lake,,47.679969175,-122.323695725,16,120.0,2
NE 72ND ST BETWEEN EAST GREEN LAKE DR N AND WOODLAWN AVE NE,Green Lake,,47.680403635,-122.325249645,13,120.0,2
NE 72ND ST BETWEEN WOODLAWN AVE NE AND 5TH AVE NE,Green Lake,,47.68069362,-122.323756695,16,120.0,2
NE BOAT ST BETWEEN NE BOAT WR ST AND BROOKLYN AVE NE,University District,Core,47.652444335,-122.31622559,61,120.0,2
NE BOAT ST BETWEEN NE PACIFIC ST AND NE BOAT WR ST,University District,Core,47.65343369,-122.317530335,9,120.0,2
NE CAMPUS EB PY BETWEEN UNIVERSITY WAY NE AND 15TH AVE NE,University District,Core,47.65592374,-122.31268351,8,120.0,1
NE MAPLE LEAF PL BETWEEN EAST GREEN LAKE DR N AND WOODLAWN AVE NE,Green Lake,,47.68090582,-122.32559295,5,120.0,1
NE PACIFIC ST BETWEEN BROOKLYN AVE NE AND UNIVERSITY WAY NE,University District,Core,47.6536477,-122.31388092,7,120.0,1
NE RAVENNA SR BV BETWEEN EAST GREEN LAKE WAY N AND WOODLAWN AVE NE,Green Lake,,47.67897032,-122.32559922,7,120.0,1
NE RAVENNA WB BV BETWEEN NE 71ST ST AND WOODLAWN AVE NE,Green Lake,,47.67939115,-122.32509186,4,120.0,1
NW 46TH ST BETWEEN 14TH AVE NW AND 15TH NB AVE NW,Ballard Blocks,,47.66220361,-122.374849525,25,120.0,2
NW 54TH SR ST BETWEEN 32ND AVE NW AND NW 54TH ST,Ballard Locks,,47.66736671,-122.39902362,12,240.0,1
NW 54TH SR ST BETWEEN NW 54TH ST AND 32ND AVE NW,Ballard Locks,,47.667470800000004,-122.39716414,72,240.0,2
NW 56TH ST BETWEEN 20TH AVE NW AND 22ND AVE NW,Ballard,Edge,47.669444905000006,-122.383428605,28,240.0,2
NW 56TH ST BETWEEN 22ND AVE NW AND 24TH AVE NW,Ballard,Edge,47.669451859999995,-122.38617205,23,240.0,2
NW 57TH ST BETWEEN 22ND AVE NW AND 24TH AVE NW,Ballard,Edge,47.670164595,-122.386152855,26,240.0,2
NW 58TH ST BETWEEN 22ND AVE NW AND 24TH AVE NW,Ballard,Edge,47.67087857,-122.38616303,23,240.0,1
NW BALLARD WAY BETWEEN 14TH AVE NW AND BALLARD BR OFF RP,Ballard Blocks,,47.662937385,-122.37485487000001,41,120.0,2
NW MARKET ST BETWEEN 15TH AVE NW AND 17TH AVE NW,Ballard,Edge,47.66858971,-122.37758407,9,240.0,1
NW MARKET ST BETWEEN 17TH AVE NW AND BARNES AVE NW,Ballard,Edge,47.668672095,-122.379600845,17,240.0,2
NW MARKET ST BETWEEN 20TH AVE NW AND RUSSELL AVE NW,Ballard,Core,47.668676305000005,-122.382636,4,120.0,2
NW MARKET ST BETWEEN 24TH AVE NW AND 26TH AVE NW,Ballard,Edge,47.668673375,-122.388907305,29,240.0,2
NW MARKET ST BETWEEN BALLARD AVE NW AND 24TH AVE NW,Ballard,Core,47.66859715,-122.38697004,6,120.0,1
NW MARKET ST BETWEEN BARNES AVE NW AND TALLMAN AVE NW,Ballard,Edge,47.66867411,-122.38094326000001,14,240.0,2
NW MARKET ST BETWEEN LEARY AVE NW AND BALLARD AVE NW,Ballard,Core,47.66876144,-122.38557075,4,120.0,1
NW MARKET ST BETWEEN RUSSELL AVE NW AND LEARY AVE NW,Ballard,Core,47.668677535,-122.38387403,14,120.0,2
NW VERNON PL BETWEEN BALLARD AVE NW AND SHILSHOLE AVE NW,Ballard,Edge,47.666138005,-122.383655645,13,240.0,2
NW VERNON PL BETWEEN LEARY AVE NW AND BALLARD AVE NW,Ballard,Edge,47.66660627,-122.382816205,12,240.0,2
OCCIDENTAL AVE S BETWEEN S CHARLES ST AND S ROYAL BROUGHAM WAY,Pioneer Square,Edge,47.59388824,-122.33311897,7,30.0,1
OCCIDENTAL AVE S BETWEEN S JACKSON ST AND S KING E ST,Pioneer Square,Edge,47.598725779999995,-122.33288003999999,11,120.0,2
OCCIDENTAL AVE S BETWEEN S KING W ST AND S CHARLES ST,Pioneer Square,Edge,47.596753265000004,-122.33325619,11,120.0,2
OCCIDENTAL AVE S BETWEEN YESLER WAY AND S WASHINGTON ST,Pioneer Square,Core,47.601292959999995,-122.33287523999999,11,120.0,2
OLIVE WAY BETWEEN 3RD AVE AND 4TH AVE,Commercial Core,Retail,47.61189714,-122.33901686,4,120.0,1
OLIVE WAY BETWEEN 4TH AVE AND 5TH AVE,Commercial Core,Retail,47.61248557,-122.33802771,5,120.0,1
OLIVE WAY BETWEEN 5TH AVE AND 6TH AVE,Commercial Core,Retail,47.61294182,-122.33693274,4,120.0,1
OLIVE WAY BETWEEN 6TH AVE AND 7TH AVE,Commercial Core,Retail,47.61341115,-122.33581204,4,120.0,1
OLIVE WAY BETWEEN 7TH AVE AND HOWELL ST,Commercial Core,Retail,47.61387948,-122.3346818,5,120.0,1
OLIVE WAY BETWEEN 9TH AVE AND TERRY AVE,Denny Triangle,North,47.6148061,-122.33244613,6,120.0,1
PIKE ST BETWEEN 4TH AVE AND 5TH AVE,Commercial Core,Retail,47.61044866,-122.33614543,4,120.0,2
PIKE ST BETWEEN BOREN AVE AND MELROSE AVE,Pike-Pine,,47.6137818,-122.32836673,4,120.0,1
PIKE ST BETWEEN TERRY AVE AND BOREN AVE,Pike-Pine,,47.61316149,-122.32941032,6,120.0,1
PINE ST BETWEEN MINOR AVE AND MELROSE AVE,Pike-Pine,,47.615066240000004,-122.32829152,6,120.0,2
PINE ST BETWEEN PIKE PL AND POST AL,Commercial Core,Waterfront,47.6094665,-122.34155327,2,120.0,1
PINE ST BETWEEN POST AL AND 1ST AVE,Commercial Core,Waterfront,47.60961649,-122.34119542,2,120.0,1
PONTIUS AVE N BETWEEN HARRISON ST AND REPUBLICAN ST,South Lake Union,South,47.62251895,-122.33181611,15,600.0,1
PONTIUS AVE N BETWEEN JOHN E ST AND THOMAS ST,South Lake Union,South,47.620240595,-122.33169006,16,600.0,2
PONTIUS AVE N BETWEEN MERCER ST AND DEAD END,South Lake Union,South,47.62451506,-122.3316418,3,120.0,1
PONTIUS AVE N BETWEEN REPUBLICAN ST AND MERCER ST,South Lake Union,South,47.623690339999996,-122.331721925,18,600.0,2
PONTIUS AVE N BETWEEN THOMAS ST AND HARRISON ST,South Lake Union,South,47.62139227,-122.33182921,12,600.0,1
POST AVE BETWEEN YESLER WAY AND COLUMBIA ST,Pioneer Square,Edge,47.602431679999995,-122.334990755,15,120.0,2
PREFONTAINE PL S BETWEEN 3RD AVE S AND 4TH AVE S,Pioneer Square,Edge,47.60133244,-122.32957293,5,120.0,1
QUEEN ANNE AVE N BETWEEN DENNY WAY AND JOHN ST,Uptown,,47.61918294,-122.35665021,10,240.0,1
QUEEN ANNE AVE N BETWEEN HARRISON ST AND REPUBLICAN ST,Uptown,,47.62267511,-122.35680987,13,240.0,1
QUEEN ANNE AVE N BETWEEN JOHN ST AND THOMAS ST,Uptown,,47.620355085,-122.35674264,24,240.0,2
QUEEN ANNE AVE N BETWEEN MERCER ST AND ROY ST,Uptown,,47.625032225,-122.35670586,9,120.0,2
QUEEN ANNE AVE N BETWEEN REPUBLICAN ST AND MERCER ST,Uptown,,47.62391792,-122.35680791,4,120.0,1
QUEEN ANNE AVE N BETWEEN THOMAS ST AND HARRISON ST,Uptown,,47.62150584,-122.35681515,8,240.0,1
RAINIER AVE S BETWEEN S EDMUNDS ST AND S FERDINAND ST,Columbia City,,47.55827161,-122.28525216,12,120.0,2
RAINIER AVE S BETWEEN S FERDINAND ST AND S HUDSON ST,Columbia City,,47.557470945000006,-122.284835285,6,120.0,2
RAINIER AVE S BETWEEN S HUDSON ST AND 39TH N AVE S,Columbia City,,47.556452809999996,-122.28409975,19,120.0,2
REPUBLICAN ST BETWEEN 1ST AVE N AND WARREN AVE N,Uptown,,47.623264925,-122.3547356,10,240.0,2
REPUBLICAN ST BETWEEN 8TH AVE N AND 9TH AVE N,South Lake Union,South,47.62328513,-122.34042507,5,120.0,1
REPUBLICAN ST BETWEEN 9TH AVE N AND WESTLAKE AVE N,South Lake Union,South,47.62315969,-122.33914163,7,120.0,1
REPUBLICAN ST BETWEEN BOREN AVE N AND FAIRVIEW AVE N,South Lake Union,South,47.623201675000004,-122.33510335,12,120.0,2
REPUBLICAN ST BETWEEN DEXTER AVE N AND 8TH AVE N,South Lake Union,South,47.623218505,-122.341680145,10,120.0,2
REPUBLICAN ST BETWEEN FAIRVIEW AVE N AND MINOR AVE N,South Lake Union,South,47.623125755000004,-122.333639345,7,120.0,2
REPUBLICAN ST BETWEEN MINOR AVE N AND PONTIUS AVE N,South Lake Union,South,47.623120580000005,-122.33234199,9,120.0,2
REPUBLICAN ST BETWEEN PONTIUS AVE N AND YALE AVE N,South Lake Union,South,47.623121315,-122.331100795,14,120.0,2
REPUBLICAN ST BETWEEN QUEEN ANNE AVE N AND 1ST AVE N,Uptown,,47.62334257,-122.35603229,3,120.0,1
REPUBLICAN ST BETWEEN TERRY AVE N AND BOREN AVE N,South Lake Union,South,47.62320208,-122.33652556,11,120.0,2
REPUBLICAN ST BETWEEN WESTLAKE AVE N AND TERRY AVE N,South Lake Union,South,47.623206795,-122.33778223,10,120.0,2
ROOSEVELT WAY NE BETWEEN NE 42ND N ST AND NE 43RD S ST,University District,Edge,47.65889386,-122.31768524,4,240.0,1
ROOSEVELT WAY NE BETWEEN NE 42ND S ST AND NE 42ND N ST,University District,Edge,47.65792032,-122.31771051,7,240.0,1
ROOSEVELT WAY NE BETWEEN NE 43RD N ST AND NE 45TH ST,University District,Edge,47.66054298,-122.31780478,6,240.0,1
ROOSEVELT WAY NE BETWEEN NE 45TH ST AND NE 47TH ST,University District,Edge,47.66223912,-122.31736467,14,240.0,1
ROOSEVELT WAY NE BETWEEN NE 47TH ST AND NE 50TH ST,University District,Edge,47.66400658,-122.31732455,14,240.0,1
ROOSEVELT WAY NE BETWEEN NE 63RD ST AND NE 64TH ST,Roosevelt,,47.6745558,-122.31728206,10,240.0,1
ROOSEVELT WAY NE BETWEEN NE 64TH ST AND NE 65TH ST,Roosevelt,,47.67538932,-122.31727794,8,240.0,1
ROY ST BETWEEN 1ST AVE N AND WARREN AVE N,Uptown,,47.62551026,-122.35477396,10,240.0,1
ROY ST BETWEEN 2ND AVE N AND 3RD AVE N,Uptown,,47.62550049,-122.35214623,4,240.0,1
ROY ST BETWEEN 4TH AVE N AND 5TH AVE N,Uptown,,47.62548581,-122.34823901,2,240.0,1
ROY ST BETWEEN 5TH AVE N AND TAYLOR AVE N,Uptown,,47.6253791,-122.34683149,5,240.0,1
ROY ST BETWEEN 6TH AVE N AND AURORA AVE N,Uptown,,47.62545441,-122.34429001,5,240.0,1
ROY ST BETWEEN DEAD END AND EASTLAKE AVE E,South Lake Union,South,47.62515553,-122.32969155,6,600.0,1
ROY ST BETWEEN FAIRVIEW AVE N AND MINOR AVE N,South Lake Union,North,47.62507204,-122.33344568,9,600.0,1
ROY ST BETWEEN NOB HILL AVE N AND 4TH AVE N,Uptown,,47.62549076,-122.3495519,9,240.0,1
ROY ST BETWEEN TAYLOR AVE N AND 6TH AVE N,Uptown,,47.625415545,-122.345580195,8,240.0,2
ROY ST BETWEEN WARREN AVE N AND 2ND AVE N,Uptown,,47.62550548,-122.35349227,6,240.0,1
RUSSELL AVE NW BETWEEN 20TH AVE NW AND NW MARKET ST,Ballard,Edge,47.668302800000006,-122.38267342,24,240.0,2
S ALASKA ST BETWEEN RAINIER AVE S AND 38TH AVE S,Columbia City,,47.56074452,-122.28596862,25,240.0,2
S EDMUNDS ST BETWEEN 37TH AVE S AND RAINIER AVE S,Columbia City,,47.55860216,-122.28579473,2,120.0,1
S EDMUNDS ST BETWEEN RAINIER AVE S AND 39TH AVE S,Columbia City,,47.55861759,-122.28445727,25,120.0,1
S FERDINAND ST BETWEEN 37TH AVE S AND RAINIER AVE S,Columbia City,,47.55785414,-122.285593355,7,120.0,2
S FERDINAND ST BETWEEN RAINIER AVE S AND 39TH AVE S,Columbia City,,47.55785045499999,-122.28421152000001,19,120.0,2
S HUDSON ST BETWEEN 37TH AVE S AND RAINIER AVE S,Columbia City,,47.55704307,-122.28538691,14,120.0,2
S JACKSON ST BETWEEN 6TH AVE S AND MAYNARD AVE S,Chinatown/ID,,47.59910134,-122.32573848,1,120.0,1
S JACKSON ST BETWEEN ALASKAN E RDWY WAY S AND 1ST AVE S,Pioneer Square,Edge,47.599200429999996,-122.33482695000001,15,120.0,2
S JACKSON ST BETWEEN MAYNARD AVE S AND 7TH AVE S,Chinatown/ID,,47.59919384,-122.32443090000001,7,120.0,2
S KING ST BETWEEN 1ST AVE S AND OCCIDENTAL W AVE S,Pioneer Square,Edge,47.59822243,-122.3337043,6,120.0,1
S KING ST BETWEEN 2ND AVE S AND 3RD AVE S,Pioneer Square,Edge,47.59828969,-122.33100468,19,120.0,2
S KING ST BETWEEN 5TH AVE S AND 6TH AVE S,Chinatown/ID,,47.598354855,-122.32701829,11,120.0,2
S KING ST BETWEEN 6TH AVE S AND MAYNARD AVE S,Chinatown/ID,,47.598352845,-122.32570014500001,16,120.0,2
S KING ST BETWEEN 7TH AVE S AND CANTON AL S,Chinatown/ID,,47.598348555,-122.32338344499999,6,120.0,2
S KING ST BETWEEN ALASKAN E RDWY WAY S AND 1ST AVE S,Pioneer Square,Edge,47.59821882,-122.33481248,7,120.0,1
S KING ST BETWEEN MAYNARD AL S AND 7TH AVE S,Chinatown/ID,,47.598350339999996,-122.324157375,7,120.0,2
S KING ST BETWEEN OCCIDENTAL E AVE S AND 2ND AVE S,Pioneer Square,Edge,47.598291450000005,-122.332251395,12,120.0,2
S LANE ST BETWEEN 6TH AVE S AND MAYNARD AVE S,Chinatown/ID,,47.59660677,-122.32571811,6,120.0,1
S LANE ST BETWEEN MAYNARD AVE S AND 7TH AVE S,Chinatown/ID,,47.5967445,-122.32438225,9,120.0,1
S MAIN ST BETWEEN 1ST AVE S AND 2ND AVE S,Pioneer Square,Core,47.600042695,-122.33287512,15,120.0,2
S MAIN ST BETWEEN 2ND AV ET S AND 4TH AVE S,Pioneer Square,Edge,47.60011043,-122.32963229,2,120.0,1
S MAIN ST BETWEEN 2ND AVE S AND 2ND AV ET S,Pioneer Square,Edge,47.60010473,-122.33111008,4,120.0,1
S MAIN ST BETWEEN 4TH AVE S AND 5TH AVE S,Chinatown/ID,,47.60010355,-122.32828771,4,120.0,1
S MAIN ST BETWEEN 5TH AVE S AND 6TH AVE S,Chinatown/ID,,47.60003575499999,-122.3269738,9,120.0,2
S MAIN ST BETWEEN 6TH AVE S AND MAYNARD AVE S,Chinatown/ID,,47.60003511,-122.325672375,20,120.0,2
S MAIN ST BETWEEN ALASKAN E RDWY WAY S AND 1ST AVE S,Pioneer Square,Edge,47.600045324999996,-122.334886345,10,120.0,2
S MAIN ST BETWEEN MAYNARD AVE S AND 7TH AVE S,Chinatown/ID,,47.600026174999996,-122.32440055000001,27,120.0,2
S WASHINGTON ST BETWEEN 1ST AVE S AND OCCIDENTAL AVE S,Pioneer Square,Core,47.600887834999995,-122.333500325,3,120.0,2
S WASHINGTON ST BETWEEN 3RD AVE S AND 4TH AVE S,Pioneer Square,Edge,47.60087905,-122.329636545,9,120.0,2
S WASHINGTON ST BETWEEN 5TH AVE S AND 6TH AVE S,Chinatown/ID,,47.60080077,-122.3269687,7,120.0,1
S WASHINGTON ST BETWEEN 6TH AVE S AND DEAD END 1,Chinatown/ID,,47.600866885,-122.32567288999999,14,120.0,2
S WASHINGTON ST BETWEEN ALASKAN E RDWY WAY S AND 1ST AVE S,Pioneer Square,Edge,47.60093944,-122.33489185,5,120.0,1
S WASHINGTON ST BETWEEN OCCIDENTAL AVE S AND 2ND AVE S,Pioneer Square,Core,47.60081755,-122.33232649,7,120.0,1
S WELLER ST BETWEEN 5TH AVE S AND 6TH AVE S,Chinatown/ID,,47.5975159,-122.326994915,9,120.0,2
S WELLER ST BETWEEN 6TH AVE S AND MAYNARD AVE S,Chinatown/ID,,47.597514024999995,-122.32568831,10,120.0,2
S WELLER ST BETWEEN 7TH AVE S AND CANTON AL S,Chinatown/ID,,47.59742737,-122.32338508,2,120.0,1
S WELLER ST BETWEEN 8TH AVE S AND DEAD END,Chinatown/ID,,47.59750775,-122.32200800499999,7,120.0,2
S WELLER ST BETWEEN CANTON AL S AND 8TH AVE S,Chinatown/ID,,47.59757726,-122.32281958,5,120.0,1
S WELLER ST BETWEEN MAYNARD AVE S AND MAYNARD AL S,Chinatown/ID,,47.597512295,-122.32470309499999,7,120.0,2
SENECA ST BETWEEN 1ST AVE AND 2ND AVE,Commercial Core,Retail,47.606354495000005,-122.33698751,8,120.0,2
SENECA ST BETWEEN 2ND AVE AND 3RD AVE,Commercial Core,Retail,47.60688102,-122.33590565,4,120.0,1
SENECA ST BETWEEN 3RD AVE AND 4TH AVE,Commercial Core,Retail,47.6072883,-122.33476664,9,120.0,2
SENECA ST BETWEEN 5TH AVE AND 6TH AVE,Commercial Core,Retail,47.60825757,-122.33263214,11,120.0,1
SENECA ST BETWEEN 8TH AVE AND 9TH AVE,First Hill,,47.609613205,-122.32920691000001,11,120.0,2
SENECA ST BETWEEN 9TH AVE AND TERRY AVE,First Hill,,47.610082344999995,-122.328096855,8,120.0,2
SENECA ST BETWEEN ALASKAN WAY AND WESTERN AVE,Commercial Core,Waterfront,47.60556775,-122.33904224,8,120.0,1
SENECA ST BETWEEN BOREN AVE AND MINOR AVE,First Hill,,47.611020785,-122.325860715,7,120.0,2
SENECA ST BETWEEN BOYLSTON AVE AND HARVARD AVE,First Hill,,47.6124063,-122.32252027499999,7,120.0,2
SENECA ST BETWEEN MINOR AVE AND SUMMIT AVE,First Hill,,47.611460025,-122.32476049499999,11,120.0,2
SENECA ST BETWEEN SUMMIT AVE AND BOYLSTON AVE,First Hill,,47.61193109,-122.32365729,14,120.0,2
SENECA ST BETWEEN TERRY AVE AND BOREN AVE,First Hill,,47.61052338499999,-122.327019275,15,120.0,2
SENECA ST BETWEEN WESTERN AVE AND POST AVE,Commercial Core,Waterfront,47.60572997,-122.33831778,3,120.0,1
SPRING ST BETWEEN 7TH AVE AND 8TH AVE,First Hill,,47.608434869999996,-122.329661275,11,120.0,2
SPRING ST BETWEEN 8TH AVE AND 9TH AVE,First Hill,,47.60883822,-122.3285232,8,120.0,1
SPRING ST BETWEEN ALASKAN WAY AND WESTERN AVE,Commercial Core,Waterfront,47.60482919,-122.33844059,2,120.0,1
SPRING ST BETWEEN BOREN AVE AND MINOR AVE,First Hill,,47.61029746,-122.325196595,11,120.0,2
SPRING ST BETWEEN BOYLSTON AVE AND HARVARD AVE,First Hill,,47.611678685,-122.32190138,9,120.0,2
SPRING ST BETWEEN MINOR AVE AND SUMMIT AVE,First Hill,,47.61074904,-122.32412070999999,14,120.0,2
SPRING ST BETWEEN SUMMIT AVE AND BOYLSTON AVE,First Hill,,47.611216944999995,-122.322994035,14,120.0,2
SPRING ST BETWEEN TERRY AVE AND BOREN AVE,First Hill,,47.60980988,-122.326370035,11,120.0,2
STEWART ST BETWEEN 1ST AVE AND 2ND AVE,Commercial Core,Retail,47.61059687,-122.34081375,6,120.0,1
STEWART ST BETWEEN 2ND AVE AND 3RD AVE,Commercial Core,Retail,47.61126224,-122.33994252,3,120.0,1
STEWART ST BETWEEN 4TH AVE AND 5TH AVE,Belltown,South,47.612632245,-122.33829498,11,120.0,2
STEWART ST BETWEEN 6TH AVE AND 7TH AVE,Denny Triangle,South,47.613951535,-122.33659474000001,10,120.0,2
STEWART ST BETWEEN 7TH AVE AND 8TH AVE,Denny Triangle,South,47.61456869,-122.33566247,7,120.0,1
STEWART ST BETWEEN 8TH AVE AND 9TH AVE,Denny Triangle,North,47.615284125,-122.334874415,16,240.0,2
STEWART ST BETWEEN 9TH AVE AND TERRY AVE,Denny Triangle,North,47.615949255000004,-122.334013965,10,240.0,2
STEWART ST BETWEEN BOREN AVE AND MINOR AVE,Denny Triangle,North,47.61728393,-122.332279715,12,240.0,2
STEWART ST BETWEEN MINOR AVE AND YALE AVE,Denny Triangle,North,47.61789756,-122.33135135,7,240.0,1
STEWART ST BETWEEN PIKE PL AND POST AL,Commercial Core,Waterfront,47.60978392,-122.34189906,4,120.0,1
STEWART ST BETWEEN POST AL AND 1ST AVE,Commercial Core,Waterfront,47.61012337,-122.341665,5,120.0,1
STEWART ST BETWEEN TERRY AVE AND BOREN AVE,Denny Triangle,North,47.61659227,-122.333168865,11,240.0,2
SUMMIT AVE BETWEEN E PIKE ST AND E PINE ST,Pike-Pine,,47.614675545,-122.325517735,17,120.0,2
SUMMIT AVE BETWEEN E PINE ST AND E OLIVE ST,Capitol Hill,South,47.615800039999996,-122.32553822,14,120.0,2
SUMMIT AVE BETWEEN E UNION ST AND E PIKE ST,Pike-Pine,,47.61352508,-122.32557881,4,120.0,1
SUMMIT AVE BETWEEN MADISON ST AND SPRING ST,First Hill,,47.610648,-122.323259295,16,120.0,2
SUMMIT AVE BETWEEN SENECA ST AND UNIVERSITY ST,First Hill,,47.61206628,-122.324563595,18,120.0,2
SUMMIT AVE BETWEEN SPRING ST AND SENECA ST,First Hill,,47.611340999999996,-122.32390028,12,120.0,2
SUMMIT AVE BETWEEN UNIVERSITY ST AND E UNION ST,First Hill,,47.61267365,-122.32520538,5,120.0,1
TALLMAN AVE NW BETWEEN NW CENTRAL PL AND NW MARKET ST,Ballard,Edge,47.667921684999996,-122.38084223999999,30,240.0,2
TALLMAN AVE NW BETWEEN NW IONE PL AND NW CENTRAL PL,Ballard,Edge,47.66689946,-122.37963364000001,15,240.0,2
TAYLOR AVE BETWEEN 5TH AVE AND DENNY WAY,Belltown,North,47.61842442,-122.34651487,3,240.0,1
TAYLOR AVE N BETWEEN DENNY WAY AND JOHN ST,Uptown Triangle,,47.619151599999995,-122.34630513,13,600.0,2
TAYLOR AVE N BETWEEN JOHN ST AND THOMAS ST,Uptown Triangle,,47.620313865,-122.346291175,34,600.0,2
TAYLOR AVE N BETWEEN MERCER ST AND ROY ST,Uptown,,47.62498641,-122.34618163,7,240.0,1
TAYLOR AVE N BETWEEN ROY ST AND VALLEY ST,Uptown,,47.62584592,-122.34625561499999,13,240.0,2
TAYLOR AVE N BETWEEN THOMAS ST AND HARRISON ST,Uptown Triangle,,47.62150813,-122.34625693500001,26,240.0,2
TAYLOR AVE N BETWEEN VALLEY ST AND ALOHA ST,Uptown,,47.62671434,-122.346248385,5,120.0,2
TERRACE ST BETWEEN DEAD END 2 AND TERRY AVE,First Hill,,47.60449698,-122.32270131,5,120.0,1
TERRACE ST BETWEEN TERRY AVE AND BOREN AVE,First Hill,,47.60481883999999,-122.32177683,15,120.0,2
TERRACE ST BETWEEN YESLER WAY AND 5TH AVE,Commercial Core,Financial,47.60204002,-122.32859988,7,120.0,1
TERRY AVE BETWEEN ALDER ST AND TERRACE ST,First Hill,,47.60423875,-122.32201555,16,120.0,2
TERRY AVE BETWEEN CHERRY ST AND COLUMBIA ST,First Hill,,47.60711941,-122.32455178,7,120.0,1
TERRY AVE BETWEEN HOWELL ST AND STEWART ST,Denny Triangle,North,47.61593642,-122.33286034,6,240.0,1
TERRY AVE BETWEEN JAMES ST AND CHERRY ST,First Hill,,47.60636065,-122.32404909,10,120.0,1
TERRY AVE BETWEEN LENORA ST AND DENNY WAY,Denny Triangle,North,47.61815513,-122.336734165,6,240.0,2
TERRY AVE BETWEEN MADISON ST AND SPRING ST,First Hill,,47.60920979,-122.32669044,3,120.0,1
TERRY AVE BETWEEN MARION ST AND MADISON ST,First Hill,,47.60852007,-122.32591511999999,5,120.0,2
TERRY AVE BETWEEN STEWART ST AND VIRGINIA ST,Denny Triangle,North,47.61671369,-122.33418299,5,240.0,1
TERRY AVE BETWEEN TERRACE ST AND JEFFERSON ST,First Hill,,47.604950115,-122.322665395,13,120.0,2
TERRY AVE BETWEEN UNIVERSITY ST AND UNION ST,First Hill,,47.61148793,-122.32872707,10,120.0,1
TERRY AVE BETWEEN VIRGINIA ST AND LENORA ST,Denny Triangle,North,47.61744565,-122.33553330000001,7,240.0,2
TERRY AVE N BETWEEN DENNY WAY AND JOHN ST,South Lake Union,South,47.61911578,-122.33727883,9,120.0,1
TERRY AVE N BETWEEN HARRISON ST AND REPUBLICAN ST,South Lake Union,South,47.622621175000006,-122.33714694,15,120.0,2
TERRY AVE N BETWEEN JOHN ST AND THOMAS ST,South Lake Union,South,47.62027821,-122.33727531,7,120.0,1
TERRY AVE N BETWEEN REPUBLICAN ST AND MERCER SR ST,South Lake Union,South,47.62387746,-122.337126815,20,120.0,2
TERRY AVE N BETWEEN THOMAS ST AND HARRISON ST,South Lake Union,South,47.621447285,-122.337166475,12,120.0,2
THOMAS ST BETWEEN 8TH AVE N AND 9TH AVE N,South Lake Union,South,47.62080468,-122.34042534,7,600.0,1
THOMAS ST BETWEEN 9TH AVE N AND WESTLAKE AVE N,South Lake Union,South,47.620873865,-122.33914245,15,120.0,2
THOMAS ST BETWEEN BOREN AVE N AND FAIRVIEW AVE N,South Lake Union,South,47.62078405,-122.33510817,11,120.0,1
THOMAS ST BETWEEN DEXTER AVE N AND 8TH AVE N,South Lake Union,South,47.62080932,-122.34170543,4,120.0,1
THOMAS ST BETWEEN FAIRVIEW AVE N AND MINOR AVE N,South Lake Union,South,47.620822405,-122.33363133,11,120.0,2
THOMAS ST BETWEEN MINOR AVE N AND PONTIUS AVE N,South Lake Union,South,47.620818135,-122.33234005,11,120.0,2
THOMAS ST BETWEEN PONTIUS AVE N AND YALE AVE N,South Lake Union,South,47.620818729999996,-122.33104846,14,120.0,2
THOMAS ST BETWEEN TERRY AVE N AND BOREN AVE N,South Lake Union,South,47.620859370000005,-122.33646776,9,600.0,2
THOMAS ST BETWEEN WESTLAKE AVE N AND TERRY AVE N,South Lake Union,South,47.62093987,-122.33776217,1,120.0,1
THOMAS ST BETWEEN YALE AVE N AND EASTLAKE AVE E,South Lake Union,South,47.62076448,-122.3297844,5,120.0,1
UNION ST BETWEEN 2ND AVE AND 3RD AVE,Commercial Core,Retail,47.60848168,-122.33737977,4,120.0,1
UNION ST BETWEEN 3RD AVE AND 4TH AVE,Commercial Core,Retail,47.60892503,-122.33627399,4,120.0,1
UNION ST BETWEEN 4TH AVE AND 5TH AVE,Commercial Core,Retail,47.60939858,-122.33515851,5,120.0,1
UNION ST BETWEEN 5TH AVE AND 6TH AVE,Commercial Core,Retail,47.60986131,-122.33407591,3,120.0,1
UNION ST BETWEEN 6TH AVE AND 7TH AVE,Commercial Core,Retail,47.61031904,-122.33297464,6,120.0,1
UNION ST BETWEEN BOREN AVE AND MINOR AVE,First Hill,,47.61268211,-122.327372,7,120.0,1
UNION ST BETWEEN TERRY AVE AND BOREN AVE,First Hill,,47.61219682,-122.32852377,8,120.0,1
UNION ST BETWEEN WESTERN AVE AND POST AL,Commercial Core,Waterfront,47.60753777,-122.33993334,3,120.0,1
UNIVERSITY ST BETWEEN 1ST AVE AND 2ND AVE,Commercial Core,Retail,47.60706452,-122.337647925,12,120.0,2
UNIVERSITY ST BETWEEN 2ND AVE AND 3RD AVE,Commercial Core,Retail,47.60748915,-122.33646207,3,120.0,1
UNIVERSITY ST BETWEEN 3RD AVE AND 4TH AVE,Commercial Core,Retail,47.60806691,-122.33548167,3,120.0,1
UNIVERSITY ST BETWEEN 4TH AVE AND 5TH AVE,Commercial Core,Retail,47.608456245,-122.33428652,5,120.0,2
UNIVERSITY ST BETWEEN 5TH AVE AND 6TH AVE,Commercial Core,Retail,47.60897622,-122.33327978,3,120.0,1
UNIVERSITY ST BETWEEN 9TH AVE AND TERRY AVE,First Hill,,47.61077593,-122.328777645,10,120.0,2
UNIVERSITY ST BETWEEN ALASKAN WAY AND WESTERN AVE,Commercial Core,Waterfront,47.60620503,-122.33967928499999,5,120.0,2
UNIVERSITY ST BETWEEN BOREN AVE AND MINOR AVE,First Hill,,47.611729909999994,-122.3265162,10,120.0,2
UNIVERSITY ST BETWEEN MINOR AVE AND SUMMIT AVE,First Hill,,47.612180575,-122.325431195,18,120.0,2
UNIVERSITY ST BETWEEN SUMMIT AVE AND BOYLSTON W AVE,First Hill,,47.612637015000004,-122.32430922,19,120.0,2
UNIVERSITY ST BETWEEN TERRY AVE AND BOREN AVE,First Hill,,47.611245874999994,-122.327653965,13,120.0,2
UNIVERSITY WAY NE BETWEEN NE 40TH ST AND NE CAMPUS EB PY,University District,Core,47.655655949999996,-122.31327285500001,8,120.0,2
UNIVERSITY WAY NE BETWEEN NE 41ST ST AND NE 42ND ST,University District,Core,47.65753657,-122.31314236,7,120.0,1
UNIVERSITY WAY NE BETWEEN NE 42ND ST AND NE 43RD ST,University District,Core,47.659019415,-122.313188685,21,120.0,2
UNIVERSITY WAY NE BETWEEN NE 43RD ST AND NE 45TH ST,University District,Core,47.660502865,-122.31315179500001,12,120.0,2
UNIVERSITY WAY NE BETWEEN NE 45TH ST AND NE 47TH ST,University District,Core,47.662165525000006,-122.313115935,22,120.0,2
UNIVERSITY WAY NE BETWEEN NE 47TH ST AND NE 50TH ST,University District,Core,47.664003085000004,-122.313085825,25,120.0,2
UNIVERSITY WAY NE BETWEEN NE CAMPUS WB PY AND NE 41ST ST,University District,Core,47.656485255,-122.313253135,11,120.0,2
UNIVERSITY WAY NE BETWEEN NE PACIFIC ST AND NE 40TH ST,University District,Core,47.65439843,-122.31330532999999,28,120.0,2
VALLEY ST BETWEEN 6TH AVE N AND AURORA AVE N,Uptown,,47.62631375,-122.34427177,5,240.0,1
VALLEY ST BETWEEN AURORA AVE N AND DEXTER AVE N,South Lake Union,North,47.626264185,-122.34288922,15,600.0,2
VALLEY ST BETWEEN BOREN AVE N AND FAIRVIEW AVE N,South Lake Union,North,47.62564061,-122.33517116,7,600.0,1
VALLEY ST BETWEEN DEXTER AVE N AND 8TH AVE N,South Lake Union,North,47.626261715,-122.34167618999999,22,600.0,2
VALLEY ST BETWEEN FAIRVIEW AVE N AND MINOR AVE N,South Lake Union,North,47.62587776,-122.33348049,15,600.0,1
VALLEY ST BETWEEN MINOR AVE N AND YALE AVE N,South Lake Union,North,47.625973385,-122.331674385,21,120.0,2
VALLEY ST BETWEEN TERRY AVE N AND LAKE UNION PARK ACCESS RD,South Lake Union,North,47.62564256,-122.33666877,6,120.0,1
VALLEY ST BETWEEN WESTLAKE AVE N AND TERRY AVE N,South Lake Union,North,47.62564186,-122.33788753,6,600.0,1
VINE ST BETWEEN 1ST AVE AND 2ND AVE,Belltown,North,47.61560733,-122.349219205,14,240.0,2
VINE ST BETWEEN 2ND AVE AND 3RD AVE,Belltown,North,47.616251094999996,-122.34837665,9,240.0,2
VINE ST BETWEEN 3RD AVE AND 4TH AVE,Belltown,North,47.616901925,-122.34753273,20,240.0,2
VINE ST BETWEEN 4TH AVE AND 5TH AVE,Belltown,North,47.61758446,-122.346677665,12,240.0,2
VINE ST BETWEEN 5TH AVE AND DENNY WAY,Belltown,North,47.61819148,-122.34572231,6,240.0,1
VINE ST BETWEEN ALASKAN WAY AND ELLIOTT AVE,Belltown,North,47.613649415,-122.351758545,9,240.0,2
VINE ST BETWEEN ELLIOTT AVE AND WESTERN AVE,Belltown,North,47.61431849,-122.35103705,7,240.0,1
VINE ST BETWEEN WESTERN AVE AND 1ST AVE,Belltown,North,47.614934925,-122.35008845,11,240.0,2
VIRGINIA ST BETWEEN 1ST AVE AND 2ND AVE,Belltown,South,47.611431675000006,-122.34216129,12,120.0,2
VIRGINIA ST BETWEEN 3RD AVE AND 4TH AVE,Belltown,South,47.61280657,-122.34051486,9,120.0,1
VIRGINIA ST BETWEEN 4TH AVE AND 5TH AVE,Belltown,South,47.61342699,-122.339577805,11,120.0,2
VIRGINIA ST BETWEEN 5TH AVE AND 6TH AVE,Belltown,South,47.61411105,-122.33882237,9,120.0,1
VIRGINIA ST BETWEEN 7TH AVE AND 8TH AVE,Denny Triangle,South,47.61544257,-122.3370847,3,120.0,1
VIRGINIA ST BETWEEN 9TH AVE AND TERRY AVE,Denny Triangle,North,47.61676587,-122.335373,5,240.0,1
VIRGINIA ST BETWEEN BOREN AVE AND MINOR AVE,Denny Triangle,North,47.61799607,-122.33351256,3,240.0,1
VIRGINIA ST BETWEEN PIKE PL AND POST AL,Belltown,South,47.61060651,-122.34332623,3,120.0,1
W HARRISON ST BETWEEN 1ST AVE W AND 2ND AVE W,Uptown,,47.6220717,-122.35868568,5,240.0,1
W HARRISON ST BETWEEN 2ND AVE W AND 3RD AVE W,Uptown,,47.62207629,-122.35998542,4,240.0,1
W HARRISON ST BETWEEN 3RD AVE W AND 4TH AVE W,Uptown,,47.622126065,-122.361297265,13,240.0,2
W HARRISON ST BETWEEN 4TH AVE W AND ELLIOTT AVE W,Uptown,,47.62207583,-122.36222526,2,240.0,1
W HARRISON ST BETWEEN QUEEN ANNE AVE N AND 1ST AVE W,Uptown,,47.62205051,-122.35736855,6,240.0,1
W JOHN ST BETWEEN 1ST AVE W AND 2ND AVE W,Uptown,,47.61978224,-122.35870339499999,10,240.0,2
W JOHN ST BETWEEN QUEEN ANNE AVE N AND 1ST AVE W,Uptown,,47.619775015,-122.35741788000001,8,240.0,2
W MERCER ST BETWEEN 1ST AVE W AND 2ND AVE W,Uptown,,47.624588445,-122.35864636,12,240.0,2
W MERCER ST BETWEEN 2ND AVE W AND 3RD AVE W,Uptown,,47.62459538,-122.359972825,11,240.0,2
W MERCER ST BETWEEN QUEEN ANNE AVE N AND 1ST AVE W,Uptown,,47.624585275,-122.35736044000001,6,120.0,2
W REPUBLICAN ST BETWEEN 1ST AVE W AND 2ND AVE W,Uptown,,47.62324243,-122.35868143,8,240.0,1
W REPUBLICAN ST BETWEEN 2ND AVE W AND 3RD AVE W,Uptown,,47.623287965,-122.35998324,8,240.0,2
W REPUBLICAN ST BETWEEN 3RD AVE W AND 4TH AVE W,Uptown,,47.62325752,-122.36128949,1,120.0,1
W REPUBLICAN ST BETWEEN QUEEN ANNE AVE N AND 1ST AVE W,Uptown,,47.623279185,-122.35739727,9,120.0,2
W ROY ST BETWEEN 1ST AVE W AND 2ND AVE W,Uptown,,47.62578127,-122.35863819,4,240.0,1
W ROY ST BETWEEN QUEEN ANNE AVE N AND 1ST AVE W,Uptown,,47.62577671,-122.35741855,6,240.0,1
W THOMAS ST BETWEEN 1ST AVE W AND 2ND AVE W,Uptown,,47.62094843,-122.35869479499999,17,240.0,2
W THOMAS ST BETWEEN 2ND AVE W AND 3RD AVE W,Uptown,,47.62095314,-122.359999945,14,240.0,2
W THOMAS ST BETWEEN 3RD AVE W AND ELLIOTT N AVE W,Uptown,,47.620958505000004,-122.360966285,3,240.0,2
W THOMAS ST BETWEEN QUEEN ANNE AVE N AND 1ST AVE W,Uptown,,47.62097928,-122.3573892,6,240.0,1
WALL ST BETWEEN 1ST AVE AND 2ND AVE,Belltown,North,47.61503819,-122.34830399,17,240.0,2
WALL ST BETWEEN 2ND AVE AND 3RD AVE,Belltown,North,47.615684735,-122.34746913000001,12,240.0,2
WALL ST BETWEEN 3RD AVE AND 4TH AVE,Belltown,North,47.61641418,-122.34667276,9,240.0,1
WALL ST BETWEEN 4TH AVE AND 5TH AVE,Belltown,North,47.6170263,-122.3457372,12,240.0,2
WALL ST BETWEEN ALASKAN WAY AND ELLIOTT AVE,Belltown,North,47.61313015,-122.35088659,5,240.0,1
WALL ST BETWEEN ELLIOTT AVE AND WESTERN AVE,Belltown,North,47.613715545,-122.35001453,10,240.0,2
WALL ST BETWEEN WESTERN AVE AND 1ST AVE,Belltown,North,47.6143594,-122.349181425,13,240.0,2
WARREN AVE N BETWEEN DENNY WAY AND JOHN ST,Uptown,,47.61918743,-122.35422373,12,240.0,1
WARREN AVE N BETWEEN JOHN ST AND THOMAS ST,Uptown,,47.62033638,-122.354133235,25,240.0,2
WARREN AVE N BETWEEN MERCER ST AND ROY ST,Uptown,,47.624995049999995,-122.35409505999999,3,240.0,2
WARREN AVE N BETWEEN REPUBLICAN ST AND MERCER ST,Uptown,,47.623888975,-122.35411010499999,19,240.0,2
WARREN PL BETWEEN 1ST AVE AND DENNY WAY,Belltown,North,47.618289695,-122.35415001999999,10,240.0,2
WESTERN AVE BETWEEN BATTERY ST AND WALL ST,Belltown,North,47.613748,-122.34914257,13,240.0,2
WESTERN AVE BETWEEN BAY ST AND QUEEN ANNE AVE,Belltown,North,47.61810239,-122.35633431,4,240.0,1
WESTERN AVE BETWEEN BELL ST AND BATTERY ST,Belltown,North,47.61303517,-122.34807888,6,240.0,1
WESTERN AVE BETWEEN BLANCHARD ST AND BELL ST,Belltown,South,47.61232947,-122.34673134,12,120.0,2
WESTERN AVE BETWEEN BROAD ST AND EAGLE ST,Belltown,North,47.616645645000006,-122.354046445,18,240.0,2
WESTERN AVE BETWEEN CEDAR ST AND CLAY ST,Belltown,North,47.615407415,-122.35193269499999,13,240.0,2
WESTERN AVE BETWEEN CLAY ST AND BROAD ST,Belltown,North,47.615959419999996,-122.35286766499999,10,240.0,2
WESTERN AVE BETWEEN COLUMBIA ST AND MARION ST,Commercial Core,Waterfront,47.603163135,-122.33636504,14,120.0,2
WESTERN AVE BETWEEN EAGLE ST AND BAY ST,Belltown,North,47.617398484999995,-122.355328775,24,240.0,2
WESTERN AVE BETWEEN LENORA ST AND BLANCHARD ST,Belltown,South,47.611633025,-122.34555652,21,120.0,2
WESTERN AVE BETWEEN MADISON ST AND SPRING ST,Commercial Core,Waterfront,47.60460413,-122.33768351,11,120.0,2
WESTERN AVE BETWEEN MARION ST AND MADISON ST,Commercial Core,Waterfront,47.603890615,-122.337040265,4,120.0,2
WESTERN AVE BETWEEN PIKE ST AND PINE ST,Commercial Core,Waterfront,47.608823105,-122.34155368,7,120.0,2
WESTERN AVE BETWEEN PINE ST AND VIRGINIA ST,Belltown,South,47.60974531,-122.34291935,11,120.0,1
WESTERN AVE BETWEEN SENECA ST AND UNIVERSITY ST,Commercial Core,Waterfront,47.606018455,-122.339003705,11,120.0,2
WESTERN AVE BETWEEN SPRING ST AND SENECA ST,Commercial Core,Waterfront,47.60531014,-122.33833652999999,15,120.0,2
WESTERN AVE BETWEEN UNION ST AND PIKE ST,Commercial Core,Waterfront,47.60786351,-122.340658505,12,120.0,2
WESTERN AVE BETWEEN UNIVERSITY ST AND UNION ST,Commercial Core,Waterfront,47.60683479,-122.33982722,10,120.0,1
WESTERN AVE BETWEEN VINE ST AND CEDAR ST,Belltown,North,47.61485207,-122.35099350499999,17,240.0,2
WESTERN AVE BETWEEN VIRGINIA ST AND LENORA ST,Belltown,South,47.610772479999994,-122.34410222,13,120.0,2
WESTERN AVE BETWEEN WALL ST AND VINE ST,Belltown,North,47.61430934,-122.35007612,15,240.0,2
WESTERN AVE BETWEEN YESLER WAY AND COLUMBIA ST,Pioneer Square,Edge,47.602328215,-122.33562517,16,120.0,2
WESTLAKE AVE BETWEEN 6TH AVE AND VIRGINIA ST,Denny Triangle,South,47.614407685,-122.33765763,14,120.0,2
WESTLAKE AVE BETWEEN 7TH AVE AND 8TH AVE,Denny Triangle,South,47.615854885000005,-122.33796139,15,120.0,2
WESTLAKE AVE BETWEEN LENORA ST AND BLANCHARD ST,Denny Triangle,North,47.61713502,-122.33818552,16,240.0,2
WESTLAKE AVE N BETWEEN DENNY WAY AND JOHN ST,South Lake Union,South,47.61911756,-122.3385976,5,120.0,1
WESTLAKE AVE N BETWEEN HARRISON ST AND REPUBLICAN ST,South Lake Union,South,47.622629325,-122.338457045,8,120.0,2
WESTLAKE AVE N BETWEEN JOHN ST AND THOMAS ST,South Lake Union,South,47.620278115,-122.33846238000001,20,120.0,2
WESTLAKE AVE N BETWEEN THOMAS ST AND HARRISON ST,South Lake Union,South,47.62145672,-122.33857409,5,120.0,1
WESTLAKE AVE N BETWEEN VALLEY ST AND 9TH AVE N,South Lake Union,North,47.62621889,-122.3391098,14,600.0,1
WESTLAKE EAST RDWY AVE N BETWEEN ALOHA ST AND WESTLAKE SHORE RDWY AVE N,Westlake Ave N,South,47.628047655,-122.34002527,54,240.0,2
WESTLAKE EAST RDWY AVE N BETWEEN BLAINE ST AND HOWE ST,Westlake Ave N,North,47.6349529,-122.34020405,37,120.0,2
WESTLAKE EAST RDWY AVE N BETWEEN COMSTOCK ST AND GALER ST,Westlake Ave N,South,47.63169434,-122.340754785,90,4320.0,2
WESTLAKE EAST RDWY AVE N BETWEEN CROCKETT ST AND MCGRAW ST,Westlake Ave N,North,47.638845520000004,-122.341008575,99,4320.0,2
WESTLAKE EAST RDWY AVE N BETWEEN GALER ST AND WESTLAKE SHORE RDWY 1 AVE N,Westlake Ave N,North,47.63298653,-122.34048057,52,4320.0,2
WESTLAKE EAST RDWY AVE N BETWEEN HIGHLAND DR AND COMSTOCK ST,Westlake Ave N,South,47.630320725000004,-122.34076046999999,47,4320.0,2
WESTLAKE EAST RDWY AVE N BETWEEN HOWE ST AND NEWTON ST,Westlake Ave N,North,47.63583458,-122.34022328,93,120.0,2
WESTLAKE EAST RDWY AVE N BETWEEN NEWTON ST AND WESTLAKE SHORE RDWY 3 AVE N,Westlake Ave N,North,47.636758795000006,-122.34021802000001,35,4320.0,2
WESTLAKE EAST RDWY AVE N BETWEEN WESTLAKE SHORE RDWY 1 AVE N AND WESTLAKE SHORE RDWY 2 AVE N,Westlake Ave N,North,47.63375492,-122.34025278499999,38,4320.0,2
WESTLAKE EAST RDWY AVE N BETWEEN WESTLAKE SHORE RDWY 2 AVE N AND BLAINE ST,Westlake Ave N,North,47.63431689,-122.34018759,35,4320.0,2
WESTLAKE EAST RDWY AVE N BETWEEN WESTLAKE SHORE RDWY 3 AVE N AND CROCKETT ST,Westlake Ave N,North,47.637586935,-122.340352095,49,4320.0,2
WESTLAKE EAST RDWY AVE N BETWEEN WESTLAKE SHORE RDWY AVE N AND HIGHLAND DR,Westlake Ave N,South,47.62913511,-122.34069982,72,240.0,2
WOODLAWN AVE NE BETWEEN 2ND S AVE NE AND 4TH S AVE NE,Green Lake,,47.6777611,-122.32672656,2,120.0,1
WOODLAWN AVE NE BETWEEN 5TH AVE NE AND NE RAVENNA EB BV,Green Lake,,47.6785868,-122.32522233,2,120.0,1
WOODLAWN AVE NE BETWEEN NE 71ST ST AND NE 72ND ST,Green Lake,,47.68015976,-122.32468599,6,120.0,1
WOODLAWN AVE NE BETWEEN NE 72ND ST AND NE 73RD ST,Green Lake,,47.680846470000006,-122.324917735,13,120.0,2
WOODLAWN AVE NE BETWEEN NE RAVENNA WB BV AND NE 71ST ST,Green Lake,,47.679437155,-122.324633315,11,120.0,2
YALE AVE BETWEEN HOWELL ST AND STEWART ST,Denny Triangle,North,47.61788541,-122.33034592,14,240.0,2
YALE AVE N BETWEEN HARRISON ST AND REPUBLICAN ST,South Lake Union,South,47.62254634,-122.3303386,10,120.0,1
YALE AVE N BETWEEN JOHN ST AND THOMAS ST,South Lake Union,South,47.620248485000005,-122.33040624,19,120.0,2
YALE AVE N BETWEEN MERCER ST AND DEAD END 1,South Lake Union,South,47.62465974,-122.3304927,8,120.0,1
YALE AVE N BETWEEN REPUBLICAN ST AND MERCER ST,South Lake Union,South,47.623697254999996,-122.33043749,26,600.0,2
YALE AVE N BETWEEN STEWART ST AND JOHN ST,South Lake Union,South,47.619232165,-122.330415175,11,120.0,2
YALE AVE N BETWEEN THOMAS ST AND HARRISON ST,South Lake Union,South,47.62139895,-122.33033703,9,120.0,1
YALE AVE N BETWEEN VALLEY ST AND ALOHA ST,South Lake Union,North,47.62641488,-122.33093328,7,120.0,1
YESLER WAY BETWEEN 8TH AVE AND BROADWAY,First Hill,,47.60164437,-122.32160244,3,120.0,1
YESLER WAY BETWEEN JAMES ST AND OCCIDENTAL AVE S,Pioneer Square,Core,47.60165556,-122.33344092,6,120.0,1
YESLER WAY BETWEEN OCCIDENTAL AVE S AND 2ND AVE,Pioneer Square,Core,47.60165661,-122.33240274,3,120.0,1
YESLER WAY BETWEEN TERRACE ST AND 6TH AVE,Commercial Core,Financial,47.601713575,-122.327667805,40,120.0,2
YESLER WAY BETWEEN WESTERN AVE AND POST AVE,Pioneer Square,Edge,47.60167339,-122.33524263,2,120.0,1
