region,hour_of_day,avg_predicted_occupancy,avg_spaces,current_rate,recommended_rate,rate_change,action,current_revenue,projected_revenue,revenue_delta,revenue_delta_pct
Ballard,8,0.175,229.0,1.5,0.5,-1.0,decrease,343.88,137.55,-206.33,-60.0
Ballard,9,0.293,229.0,1.5,0.5,-1.0,decrease,343.94,137.58,-206.36,-60.0
Ballard,10,0.415,229.0,1.5,0.5,-1.0,decrease,343.93,137.57,-206.36,-60.0
Ballard,11,0.479,229.0,1.5,0.5,-1.0,decrease,343.89,137.56,-206.33,-60.0
Ballard,12,0.518,229.0,1.5,0.75,-0.75,decrease,343.87,197.73,-146.14,-42.5
Ballard,13,0.551,229.0,1.5,1.0,-0.5,decrease,343.87,252.17,-91.7,-26.7
Ballard,14,0.526,229.0,1.5,0.75,-0.75,decrease,343.87,197.73,-146.14,-42.5
Ballard,15,0.502,229.0,1.5,0.75,-0.75,decrease,343.88,197.73,-146.15,-42.5
Ballard,16,0.484,229.0,1.5,0.5,-1.0,decrease,343.97,137.59,-206.38,-60.0
Ballard,17,0.494,229.0,1.5,0.5,-1.0,decrease,344.0,137.6,-206.4,-60.0
Ballard,18,0.557,229.0,1.5,1.0,-0.5,decrease,343.99,252.26,-91.73,-26.7
Ballard,19,0.561,229.0,1.5,1.0,-0.5,decrease,343.97,252.24,-91.72,-26.7
Capitol Hill,8,0.102,1069.0,2.0,0.5,-1.5,decrease,2138.08,694.87,-1443.2,-67.5
Capitol Hill,9,0.181,1080.0,2.0,0.5,-1.5,decrease,2160.85,702.28,-1458.57,-67.5
Capitol Hill,10,0.2,1080.0,2.0,0.5,-1.5,decrease,2159.37,701.79,-1457.57,-67.5
Capitol Hill,11,0.229,1080.0,2.0,0.5,-1.5,decrease,2159.99,702.0,-1457.99,-67.5
Capitol Hill,12,0.243,1080.0,2.0,0.5,-1.5,decrease,2160.71,702.23,-1458.48,-67.5
Capitol Hill,13,0.243,1080.0,2.0,0.5,-1.5,decrease,2159.67,701.89,-1457.78,-67.5
Capitol Hill,14,0.235,1080.0,2.0,0.5,-1.5,decrease,2160.3,702.1,-1458.2,-67.5
Capitol Hill,15,0.214,1082.0,2.0,0.5,-1.5,decrease,2163.53,703.15,-1460.39,-67.5
Capitol Hill,16,0.195,1080.0,2.0,0.5,-1.5,decrease,2160.82,702.27,-1458.56,-67.5
Capitol Hill,17,0.201,1080.0,2.0,0.5,-1.5,decrease,2159.41,701.81,-1457.6,-67.5
Capitol Hill,18,0.265,1080.0,2.0,0.5,-1.5,decrease,2159.94,701.98,-1457.96,-67.5
Capitol Hill,19,0.304,1080.0,2.0,0.5,-1.5,decrease,2159.95,701.98,-1457.97,-67.5
Capitol Hill,20,0.404,550.0,2.0,0.75,-1.25,decrease,1100.17,515.71,-584.47,-53.1
Capitol Hill,21,0.291,550.0,2.0,0.5,-1.5,decrease,1099.14,357.22,-741.92,-67.5
Downtown Seattle,8,0.18,3675.0,2.5,0.5,-2.0,decrease,9186.98,2572.36,-6614.63,-72.0
Downtown Seattle,9,0.285,4021.0,2.5,0.5,-2.0,decrease,10052.34,2814.65,-7237.68,-72.0
Downtown Seattle,10,0.356,4024.0,2.5,1.0,-1.5,decrease,10061.1,5231.77,-4829.33,-48.0
Downtown Seattle,11,0.404,4025.0,2.5,1.25,-1.25,decrease,10061.91,6288.69,-3773.22,-37.5
Downtown Seattle,12,0.413,4026.0,2.5,1.25,-1.25,decrease,10063.91,6289.94,-3773.97,-37.5
Downtown Seattle,13,0.409,4026.0,2.5,1.25,-1.25,decrease,10065.78,6291.11,-3774.67,-37.5
Downtown Seattle,14,0.382,4026.0,2.5,1.0,-1.5,decrease,10064.97,5233.78,-4831.19,-48.0
Downtown Seattle,15,0.366,3957.0,2.5,1.0,-1.5,decrease,9893.46,5144.6,-4748.86,-48.0
Downtown Seattle,16,0.351,3646.0,2.5,1.0,-1.5,decrease,9114.89,4739.74,-4375.15,-48.0
Downtown Seattle,17,0.362,3640.0,2.5,1.0,-1.5,decrease,9100.11,4732.06,-4368.05,-48.0
Downtown Seattle,18,0.397,3094.0,2.5,1.0,-1.5,decrease,7733.95,4021.65,-3712.3,-48.0
Downtown Seattle,19,0.396,3215.0,2.5,1.0,-1.5,decrease,8036.61,4179.04,-3857.57,-48.0
Downtown Seattle,20,0.117,522.0,2.5,0.5,-2.0,decrease,1303.82,365.07,-938.75,-72.0
Downtown Seattle,21,0.086,521.0,2.5,0.5,-2.0,decrease,1302.76,364.77,-937.98,-72.0
International District,8,0.069,237.0,1.5,0.5,-1.0,decrease,356.15,142.46,-213.69,-60.0
International District,9,0.144,237.0,1.5,0.5,-1.0,decrease,356.18,142.47,-213.71,-60.0
International District,10,0.192,237.0,1.5,0.5,-1.0,decrease,356.16,142.47,-213.7,-60.0
International District,11,0.255,237.0,1.5,0.5,-1.0,decrease,356.16,142.46,-213.69,-60.0
International District,12,0.319,237.0,1.5,0.5,-1.0,decrease,356.15,142.46,-213.69,-60.0
International District,13,0.325,237.0,1.5,0.5,-1.0,decrease,356.17,142.47,-213.7,-60.0
International District,14,0.277,237.0,1.5,0.5,-1.0,decrease,356.17,142.47,-213.7,-60.0
International District,15,0.237,237.0,1.5,0.5,-1.0,decrease,356.17,142.47,-213.7,-60.0
International District,16,0.217,237.0,1.5,0.5,-1.0,decrease,356.17,142.47,-213.7,-60.0
International District,17,0.292,237.0,1.5,0.5,-1.0,decrease,356.19,142.47,-213.71,-60.0
International District,18,0.429,237.0,1.5,0.5,-1.0,decrease,356.18,142.47,-213.71,-60.0
International District,19,0.454,237.0,1.5,0.5,-1.0,decrease,356.18,142.47,-213.71,-60.0
South Lake Union,8,0.175,1044.0,2.0,0.5,-1.5,decrease,2088.37,678.72,-1409.65,-67.5
South Lake Union,9,0.248,1098.0,2.0,0.5,-1.5,decrease,2195.25,713.46,-1481.79,-67.5
South Lake Union,10,0.283,1098.0,2.0,0.5,-1.5,decrease,2195.11,713.41,-1481.7,-67.5
South Lake Union,11,0.307,1097.0,2.0,0.5,-1.5,decrease,2194.19,713.11,-1481.08,-67.5
South Lake Union,12,0.312,1097.0,2.0,0.5,-1.5,decrease,2194.15,713.1,-1481.05,-67.5
South Lake Union,13,0.297,1097.0,2.0,0.5,-1.5,decrease,2194.15,713.1,-1481.05,-67.5
South Lake Union,14,0.269,1097.0,2.0,0.5,-1.5,decrease,2194.15,713.1,-1481.05,-67.5
South Lake Union,15,0.238,1088.0,2.0,0.5,-1.5,decrease,2175.59,707.07,-1468.53,-67.5
South Lake Union,16,0.213,1048.0,2.0,0.5,-1.5,decrease,2095.8,681.13,-1414.66,-67.5
South Lake Union,17,0.197,1042.0,2.0,0.5,-1.5,decrease,2083.96,677.29,-1406.67,-67.5
