paidparkingarea,hour_of_day,avg_occupancy,occupied_space_hours,target_space_hours,unsold_space_hours,spaces,n_blockfaces,revenue_per_posted_dollar
12th Avenue,8,0.1454,1.299650556740109,7.771428571428572,6.471778014688463,9.714285714285714,7,1.3
12th Avenue,9,0.1757,1.7738261301261822,7.771428571428572,5.99760244130239,9.714285714285714,7,1.77
12th Avenue,10,0.2164,2.2779761904761906,7.771428571428572,5.493452380952382,9.714285714285714,7,2.28
12th Avenue,11,0.2611,2.6408376783527427,7.771428571428572,5.130590893075829,9.714285714285714,7,2.64
12th Avenue,12,0.3289,3.200517174082748,7.771428571428572,4.570911397345824,9.714285714285714,7,3.2
12th Avenue,13,0.31,3.113162782843634,7.771428571428572,4.658265788584939,9.714285714285714,7,3.11
12th Avenue,14,0.2845,2.9880014994765274,7.771428571428572,4.783427071952045,9.714285714285714,7,2.99
12th Avenue,15,0.2178,2.3136039725441306,7.771428571428572,5.457824598884441,9.714285714285714,7,2.31
12th Avenue,16,0.187,2.0894749521668086,7.771428571428572,5.681953619261764,9.714285714285714,7,2.09
12th Avenue,17,0.2479,2.694284083496412,7.771428571428572,5.07714448793216,9.714285714285714,7,2.69
12th Avenue,18,0.3472,3.5853043575920935,7.771428571428572,4.186124213836479,9.714285714285714,7,3.59
12th Avenue,19,0.3374,3.4492576684710126,7.771428571428572,4.32217090295756,9.714285714285714,7,3.45
15th Avenue E,8,0.1919,1.1857155172413791,6.16,4.994284482758621,7.7,10,1.19
15th Avenue E,9,0.3069,2.023635968477623,6.16,4.176364031522377,7.7,10,2.02
15th Avenue E,10,0.3407,2.2522854785478548,6.16,3.9277145214521454,7.7,10,2.25
15th Avenue E,11,0.3592,2.5989634986225894,6.16,3.5689531680440774,7.7,10,2.6
15th Avenue E,12,0.2795,2.356220730027548,6.16,3.803779269972452,7.7,10,2.36
15th Avenue E,13,0.3193,2.526796899697421,6.16,3.634036433635912,7.7,10,2.53
15th Avenue E,14,0.3372,2.7008305334445772,6.16,3.49275956284153,7.7,10,2.7
15th Avenue E,15,0.3171,2.586666666666667,6.16,3.587916666666667,7.7,10,2.59
15th Avenue E,16,0.3131,2.40125,6.16,3.7587500000000005,7.7,10,2.4
15th Avenue E,17,0.3702,3.03969646799117,6.16,3.165720198675497,7.7,10,3.04
15th Avenue E,18,0.4192,3.3003747141805215,6.16,2.947958619152812,7.7,10,3.3
15th Avenue E,19,0.409,3.1202627252794146,6.16,3.083903941387253,7.7,10,3.12
Ballard,8,0.1864,2.7783375440624245,12.412121212121212,9.647420031695152,15.515151515151516,33,2.78
Ballard,9,0.3028,4.475745809768662,12.412121212121212,7.959102675079824,15.515151515151516,33,4.48
Ballard,10,0.4168,6.133144587528437,12.412121212121212,6.311246659971948,15.515151515151516,33,6.13
Ballard,11,0.4634,6.980238559644789,12.412121212121212,5.497331729231233,15.515151515151516,33,6.98
Ballard,12,0.4826,7.281040092130885,12.412121212121212,5.2567514222567455,15.515151515151516,33,7.28
Ballard,13,0.5164,7.822867057310518,12.412121212121212,4.748543706377317,15.515151515151516,33,7.82
Ballard,14,0.5024,7.664011222280682,12.412121212121212,4.86821279529508,15.515151515151516,33,7.66
Ballard,15,0.4852,7.379836469086001,12.412121212121212,5.146820118826987,15.515151515151516,33,7.38
Ballard,16,0.4741,7.003737279447351,12.412121212121212,5.487615811905741,15.515151515151516,33,7.0
Ballard,17,0.4808,7.094883733641831,12.412121212121212,5.452338488580392,15.515151515151516,33,7.09
Ballard,18,0.5287,7.914514441646249,12.412121212121212,4.67140310949973,15.515151515151516,33,7.91
Ballard,19,0.5131,7.6172027872045245,12.412121212121212,4.919297741698469,15.515151515151516,33,7.62
Ballard Blocks,8,0.0955,2.5416666666666665,18.666666666666668,16.125000000000004,23.333333333333332,3,2.54
Ballard Blocks,9,0.248,4.465277777777778,18.666666666666668,14.201388888888891,23.333333333333332,3,4.47
Ballard Blocks,10,0.3327,5.887499999999999,18.666666666666668,12.779166666666669,23.333333333333332,3,5.89
Ballard Blocks,11,0.3455,5.315277777777777,18.666666666666668,13.351388888888891,23.333333333333332,3,5.32
Ballard Blocks,12,0.3883,5.023611111111111,18.666666666666668,13.706944444444446,23.333333333333332,3,5.02
Ballard Blocks,13,0.3555,5.051388888888888,18.666666666666668,13.684722222222225,23.333333333333332,3,5.05
Ballard Blocks,14,0.2952,5.7467628075837025,18.666666666666668,12.919903859082964,23.333333333333332,3,5.75
Ballard Blocks,15,0.3067,6.079166666666667,18.666666666666668,12.593055555555557,23.333333333333332,3,6.08
Ballard Blocks,16,0.2757,5.98462417641522,18.666666666666668,12.682042490251447,23.333333333333332,3,5.98
Ballard Blocks,17,0.2158,4.664025500910746,18.666666666666668,14.002641165755923,23.333333333333332,3,4.66
Ballard Blocks,18,0.1861,3.946265938069217,18.666666666666668,14.720400728597452,23.333333333333332,3,3.95
Ballard Blocks,19,0.0763,2.1527777777777777,18.666666666666668,16.51388888888889,23.333333333333332,3,2.15
Ballard Locks,8,0.0358,2.576190476190476,37.028571428571425,34.452380952380956,46.285714285714285,2,2.58
Ballard Locks,9,0.1208,8.697846638655463,37.028571428571425,28.330724789915966,46.285714285714285,2,8.7
Ballard Locks,10,0.2876,20.302380952380954,37.028571428571425,17.25714285714286,46.285714285714285,2,20.3
Ballard Locks,11,0.5369,31.02857142857143,37.028571428571425,8.523809523809524,46.285714285714285,2,31.03
Ballard Locks,12,0.621,36.259523809523806,37.028571428571425,5.183333333333335,46.285714285714285,2,36.26
Ballard Locks,13,0.6664,38.76428571428572,37.028571428571425,3.092857142857144,46.285714285714285,2,38.76
Ballard Locks,14,0.6846,38.41190476190476,37.028571428571425,3.597619047619049,46.285714285714285,2,38.41
Ballard Locks,15,0.6592,36.464285714285715,37.028571428571425,4.526190476190477,46.285714285714285,2,36.46
Ballard Locks,16,0.6075,33.09761904761905,37.028571428571425,7.880952380952381,46.285714285714285,2,33.1
Ballard Locks,17,0.4953,26.775409836065574,37.028571428571425,12.557142857142859,46.285714285714285,2,26.78
Ballard Locks,18,0.3949,23.347619047619048,37.028571428571425,14.264285714285714,46.285714285714285,2,23.35
Ballard Locks,19,0.2614,18.00952380952381,37.028571428571425,19.019047619047623,46.285714285714285,2,18.01
Belltown,8,0.1562,1.9587070014697507,10.02406015037594,8.069175204044035,12.530075187969924,135,1.96
Belltown,9,0.2618,3.2974813891865047,9.97472118959108,6.683822823948565,12.468401486988848,135,3.3
Belltown,10,0.3692,4.608844334026481,9.97472118959108,5.407145366747486,12.468401486988848,135,4.61
Belltown,11,0.4545,5.626507391837224,9.97472118959108,4.4397565486832224,12.468401486988848,135,5.63
Belltown,12,0.4756,5.96028021436967,9.97472118959108,4.135523319230014,12.468401486988848,135,5.96
Belltown,13,0.4753,5.997297870609106,9.97472118959108,4.098566818926045,12.468401486988848,135,6.0
Belltown,14,0.4338,5.467188214134756,9.97472118959108,4.578170054134021,12.468401486988848,135,5.47
Belltown,15,0.4027,5.108201251256579,10.00749063670412,4.969994772974277,12.50936329588015,135,5.11
Belltown,16,0.3994,5.051371719203549,10.02406015037594,5.057071841297544,12.530075187969924,135,5.05
Belltown,17,0.4158,5.233097767744703,10.02406015037594,4.884299347902012,12.530075187969924,135,5.23
Belltown,18,0.4377,5.514582473928648,10.02406015037594,4.6088265884968385,12.530075187969924,135,5.51
Belltown,19,0.4398,5.476881588531853,9.97472118959108,4.591463471495574,12.468401486988848,135,5.48
Capitol Hill,8,0.1062,1.3014217256377578,10.624,9.322578274362243,13.28,25,1.3
Capitol Hill,9,0.2058,2.578884615384615,10.624,8.045115384615386,13.28,25,2.58
Capitol Hill,10,0.2995,3.895318105166751,10.624,6.757181894833251,13.28,25,3.9
Capitol Hill,11,0.3675,4.735043667492732,10.624,5.924789665840603,13.28,25,4.74
Capitol Hill,12,0.3948,5.300556072895585,10.624,5.351110593771083,13.28,25,5.3
Capitol Hill,13,0.3916,5.284575639406853,10.624,5.352921718197376,13.28,25,5.28
Capitol Hill,14,0.3544,4.584389128442961,10.624,6.047793667255965,13.28,25,4.58
Capitol Hill,15,0.2952,3.8254450317862796,10.624,6.804554968213721,13.28,25,3.83
Capitol Hill,16,0.3057,3.8779340495529935,10.624,6.749412944982526,13.28,25,3.88
Capitol Hill,17,0.3449,4.185385245901639,10.624,6.445500000000001,13.28,25,4.19
Capitol Hill,18,0.4222,5.46590443489649,10.624,5.204262231770178,13.28,25,5.47
Capitol Hill,19,0.4945,6.479275113000067,10.624,4.249224886999933,13.28,25,6.48
Cherry Hill,8,0.105,1.3696296296296295,10.773333333333333,9.403703703703703,13.466666666666667,4,1.37
Cherry Hill,9,0.1469,2.022469135802469,10.773333333333333,8.750864197530865,13.466666666666667,4,2.02
Cherry Hill,10,0.1853,2.5068326249747015,10.773333333333333,8.266500708358631,13.466666666666667,4,2.51
Cherry Hill,11,0.1827,2.421358024691358,10.773333333333333,8.351975308641975,13.466666666666667,4,2.42
Cherry Hill,12,0.1323,1.742962962962963,10.773333333333333,9.03037037037037,13.466666666666667,4,1.74
Cherry Hill,13,0.172,2.15832827362882,10.773333333333333,8.615005059704513,13.466666666666667,4,2.16
Cherry Hill,14,0.168,2.0340740740740744,10.773333333333333,8.73925925925926,13.466666666666667,4,2.03
Cherry Hill,15,0.1576,1.9365432098765432,10.773333333333333,8.83679012345679,13.466666666666667,4,1.94
Cherry Hill,16,0.0934,1.2051851851851851,10.773333333333333,9.568148148148149,13.466666666666667,4,1.21
Cherry Hill,17,0.0556,0.6419753086419753,10.773333333333333,10.131358024691359,13.466666666666667,4,0.64
Cherry Hill,18,0.0423,0.4766666666666666,10.773333333333333,10.296666666666669,13.466666666666667,4,0.48
Cherry Hill,19,0.0473,0.6144444444444445,10.773333333333333,10.158888888888889,13.466666666666667,4,0.61
Chinatown/ID,8,0.07,0.6251233736625735,7.8358974358974365,7.210774062234863,9.794871794871796,39,0.63
Chinatown/ID,9,0.1453,1.3528623450277324,7.8358974358974365,6.483035090869704,9.794871794871796,39,1.35
Chinatown/ID,10,0.2183,2.100367323330889,7.8358974358974365,5.742154044190479,9.794871794871796,39,2.1
Chinatown/ID,11,0.2894,2.7218765939048715,7.8358974358974365,5.1330825495158106,9.794871794871796,39,2.72
Chinatown/ID,12,0.3705,3.4112306030716764,7.8358974358974365,4.455252768743449,9.794871794871796,39,3.41
Chinatown/ID,13,0.3518,3.3439237747191273,7.8358974358974365,4.52938438114668,9.794871794871796,39,3.34
Chinatown/ID,14,0.3139,3.018441398172743,7.8358974358974365,4.845874841143497,9.794871794871796,39,3.02
Chinatown/ID,15,0.25,2.3801294325275473,7.8358974358974365,5.460575695677582,9.794871794871796,39,2.38
Chinatown/ID,16,0.2325,2.248538392635799,7.8358974358974365,5.589509580896046,9.794871794871796,39,2.25
Chinatown/ID,17,0.3139,2.9845826215789555,7.8358974358974365,4.878391077516068,9.794871794871796,39,2.98
Chinatown/ID,18,0.4332,4.092863516365978,7.8358974358974365,3.841431355428895,9.794871794871796,39,4.09
Chinatown/ID,19,0.4522,4.2499148260528585,7.8358974358974365,3.7015684255908488,9.794871794871796,39,4.25
Columbia City,8,0.1134,1.4236835568802781,10.618181818181819,9.19449826130154,13.272727272727273,11,1.42
Columbia City,9,0.2341,2.9560517155806325,10.618181818181819,7.662130102601186,13.272727272727273,11,2.96
Columbia City,10,0.2906,3.965049421380631,10.618181818181819,6.653132396801189,13.272727272727273,11,3.97
Columbia City,11,0.3359,4.317476699317653,10.618181818181819,6.300705118864166,13.272727272727273,11,4.32
Columbia City,12,0.3286,4.328799550050558,10.618181818181819,6.3314277226767155,13.272727272727273,11,4.33
Columbia City,13,0.3001,3.8668098724166584,10.618181818181819,6.75137194576516,13.272727272727273,11,3.87
Columbia City,14,0.276,3.366228767157125,10.618181818181819,7.251953051024694,13.272727272727273,11,3.37
Columbia City,15,0.232,2.7401515151515152,10.618181818181819,7.878030303030304,13.272727272727273,11,2.74
Columbia City,16,0.2594,3.0536328239738704,10.618181818181819,7.564548994207948,13.272727272727273,11,3.05
Columbia City,17,0.2798,3.66765640066928,10.618181818181819,6.950525417512538,13.272727272727273,11,3.67
Columbia City,18,0.338,4.491932718928964,10.618181818181819,6.126249099252854,13.272727272727273,11,4.49
Columbia City,19,0.3648,4.780699390288847,10.618181818181819,5.838618791529336,13.272727272727273,11,4.78
Commercial Core,8,0.2278,1.7953924975681705,6.210089020771514,4.422780481023256,7.7626112759643915,93,1.8
Commercial Core,9,0.3317,2.5619099832265295,6.062125340599455,3.5396799745193936,7.577656675749319,94,2.56
Commercial Core,10,0.4289,3.2689747870951957,6.062125340599455,2.863046215943612,7.577656675749319,94,3.27
Commercial Core,11,0.4689,3.623319299387529,6.062125340599455,2.5387050887608376,7.577656675749319,94,3.62
Commercial Core,12,0.4609,3.5241172136422625,6.052173913043479,2.6101731463007174,7.565217391304348,94,3.52
Commercial Core,13,0.468,3.639342686523866,6.052173913043479,2.5234159064240402,7.565217391304348,94,3.64
Commercial Core,14,0.4376,3.328392011976592,6.072131147540984,2.8409047055397094,7.590163934426229,94,3.33
Commercial Core,15,0.4439,3.3263891570029163,6.127220630372493,2.9061826215881967,7.659025787965616,94,3.33
Commercial Core,16,0.4325,3.260652770580321,6.151898734177216,2.988239346271954,7.689873417721519,93,3.26
Commercial Core,17,0.434,3.1772788289107967,6.160509554140128,3.082151461251978,7.7006369426751595,93,3.18
Commercial Core,18,0.4459,3.170413765396608,6.137461300309598,3.070361770636625,7.671826625386997,93,3.17
Commercial Core,19,0.4062,2.8142928005260903,6.052173913043479,3.3320840110681127,7.565217391304348,94,2.81
Denny Triangle,8,0.1639,1.2324109305514488,6.487272727272727,5.256301190660673,8.10909090909091,60,1.23
Denny Triangle,9,0.2462,1.8968129342908762,6.671186440677967,4.781223788872966,8.338983050847459,61,1.9
Denny Triangle,10,0.2866,2.2405392846447527,6.671186440677967,4.44138161931005,8.338983050847459,61,2.24
Denny Triangle,11,0.3054,2.3255230657703194,6.671186440677967,4.3581331085638215,8.338983050847459,61,2.33
Denny Triangle,12,0.2652,2.074013416951074,6.671186440677967,4.599856639546101,8.338983050847459,61,2.07
Denny Triangle,13,0.2553,1.947801124450726,6.671186440677967,4.7333429433458845,8.338983050847459,61,1.95
Denny Triangle,14,0.2253,1.6914273269997109,6.671186440677967,4.989434254921194,8.338983050847459,61,1.69
Denny Triangle,15,0.2308,1.7234796358809763,6.611659192825113,4.905294654104076,8.26457399103139,61,1.72
Denny Triangle,16,0.2091,1.5724139017163954,6.633183856502242,5.068841703664771,8.291479820627803,61,1.57
Denny Triangle,17,0.2266,1.7777725851868764,6.633183856502242,4.865205854443038,8.291479820627803,61,1.78
Denny Triangle,18,0.2647,2.0888128416592737,6.633183856502242,4.558870267458813,8.291479820627803,61,2.09
Denny Triangle,19,0.3042,2.3894440952936162,6.709243697478993,4.33930696797322,8.38655462184874,61,2.39
First Hill,8,0.1193,1.0246282002294007,7.836781609195403,6.817373715479412,9.795977011494253,90,1.02
First Hill,9,0.1745,1.5037495171484245,7.810826210826212,6.319909661155563,9.763532763532764,90,1.5
First Hill,10,0.1605,1.3825731216269668,7.810826210826212,6.438082149028305,9.763532763532764,90,1.38
First Hill,11,0.1479,1.2955401554087145,7.810826210826212,6.5181350582665,9.763532763532764,90,1.3
First Hill,12,0.1344,1.2036829126193138,7.810826210826212,6.609754884151816,9.763532763532764,90,1.2
First Hill,13,0.1467,1.3051189985439162,7.810826210826212,6.507938931180681,9.763532763532764,90,1.31
First Hill,14,0.1475,1.311669438795122,7.810826210826212,6.502290675164993,9.763532763532764,90,1.31
First Hill,15,0.1261,1.1244575818355682,7.795454545454546,6.678146584831098,9.744318181818182,90,1.12
First Hill,16,0.1052,0.9278298154462505,7.795454545454546,6.867624730008296,9.744318181818182,90,0.93
First Hill,17,0.1024,0.8952206390373941,7.795454545454546,6.900233906417151,9.744318181818182,90,0.9
First Hill,18,0.1339,1.1786179380389663,7.795454545454546,6.623086607415579,9.744318181818182,90,1.18
First Hill,19,0.1485,1.2564785578793467,7.795454545454546,6.540775229999441,9.744318181818182,90,1.26
Fremont,8,0.0507,0.4375,8.133333333333333,7.695833333333333,10.166666666666666,6,0.44
Fremont,9,0.1701,1.5153183572216096,8.133333333333333,6.6180149761117235,10.166666666666666,6,1.52
Fremont,10,0.2316,2.14744808893789,8.133333333333333,5.985885244395443,10.166666666666666,6,2.15
Fremont,11,0.352,3.4376740379652797,8.133333333333333,4.695659295368054,10.166666666666666,6,3.44
Fremont,12,0.4608,4.567598462575034,8.133333333333333,3.5969848707583,10.166666666666666,6,4.57
Fremont,13,0.5192,4.908037340619308,8.133333333333333,3.380555555555556,10.166666666666666,6,4.91
Fremont,14,0.4381,4.34099975526187,8.133333333333333,3.811778022515908,10.166666666666666,6,4.34
Fremont,15,0.3979,3.6470877932306642,8.133333333333333,4.519900269211944,10.166666666666666,6,3.65
Fremont,16,0.4165,3.7271068453764484,8.133333333333333,4.42567093240133,10.166666666666666,6,3.73
Fremont,17,0.4039,3.688200569643513,8.133333333333333,4.473604985912043,10.166666666666666,6,3.69
Fremont,18,0.4133,4.0211179417122045,8.133333333333333,4.11221539162113,10.166666666666666,6,4.02
Fremont,19,0.4149,4.078217649507361,8.133333333333333,4.194073329590549,10.166666666666666,6,4.08
Green Lake,8,0.1668,1.3059584841506942,6.057142857142857,4.7559462777540675,7.571428571428571,21,1.31
Green Lake,9,0.3494,2.6209159689351518,6.057142857142857,3.4528935548743727,7.571428571428571,21,2.62
Green Lake,10,0.461,3.2954321624125464,6.057142857142857,2.81825831377793,7.571428571428571,21,3.3
Green Lake,11,0.4754,3.535267750263057,6.057142857142857,2.583978281482975,7.571428571428571,21,3.54
Green Lake,12,0.5003,3.5997311198134705,6.057142857142857,2.546621414186528,7.571428571428571,21,3.6
Green Lake,13,0.494,3.492798594847775,6.057142857142857,2.6345823575331777,7.571428571428571,21,3.49
Green Lake,14,0.4902,3.456783603499138,6.057142857142857,2.6705745802115053,7.571428571428571,21,3.46
Green Lake,15,0.4964,3.537326829328239,6.057142857142857,2.5983874563860474,7.571428571428571,21,3.54
Green Lake,16,0.4595,3.3966118031079184,6.057142857142857,2.7004087537487047,7.571428571428571,21,3.4
Green Lake,17,0.4883,3.627604165406467,6.057142857142857,2.4731504533809394,7.571428571428571,21,3.63
Green Lake,18,0.5908,4.446931142939091,6.057142857142857,1.7964380797499853,7.571428571428571,21,4.45
Green Lake,19,0.5263,3.9425756219059926,6.057142857142857,2.2471069177765473,7.571428571428571,21,3.94
Pike-Pine,8,0.0911,0.8692385132275843,7.628828828828829,6.759590315601245,9.536036036036036,57,0.87
Pike-Pine,9,0.1775,1.7019434554161519,7.52280701754386,5.821009760958118,9.403508771929825,57,1.7
Pike-Pine,10,0.2613,2.49194709656157,7.52280701754386,5.049792669520302,9.403508771929825,57,2.49
Pike-Pine,11,0.3165,3.061002969157907,7.52280701754386,4.517578902187123,9.403508771929825,57,3.06
Pike-Pine,12,0.3356,3.221589126944812,7.52280701754386,4.329580463698464,9.403508771929825,57,3.22
Pike-Pine,13,0.3333,3.1967289574393356,7.52280701754386,4.357902477114127,9.403508771929825,57,3.2
Pike-Pine,14,0.3178,3.0193529036229294,7.52280701754386,4.521932021653225,9.403508771929825,57,3.02
Pike-Pine,15,0.2762,2.6652356276329083,7.52280701754386,4.8728572898459745,9.403508771929825,57,2.67
Pike-Pine,16,0.274,2.528237185630558,7.52280701754386,5.015433595772422,9.403508771929825,57,2.53
Pike-Pine,17,0.3316,3.0346431485343546,7.52280701754386,4.535751588307751,9.403508771929825,57,3.03
Pike-Pine,18,0.3974,3.713478888045354,7.52280701754386,3.8820620476271612,9.403508771929825,57,3.71
Pike-Pine,19,0.4528,4.201214578145142,7.52280701754386,3.399224018346087,9.403508771929825,57,4.2
Pioneer Square,8,0.1758,1.8763399713587483,9.082608695652175,7.210616550380382,11.353260869565217,49,1.88
Pioneer Square,9,0.2876,3.1152947698070843,8.791709844559586,5.691872760417442,10.989637305699482,50,3.12
Pioneer Square,10,0.3853,4.09196694509778,8.791752577319588,4.750902470709781,10.989690721649485,50,4.09
Pioneer Square,11,0.4468,4.898652156810312,8.791752577319588,3.9956305332626014,10.989690721649485,50,4.9
Pioneer Square,12,0.4788,5.279470675959764,8.791709844559586,3.622372213447893,10.989637305699482,50,5.28
Pioneer Square,13,0.4976,5.514211416400302,8.775384615384615,3.454400303304784,10.96923076923077,50,5.51
Pioneer Square,14,0.4723,5.232672728542601,8.775384615384615,3.6660876285901356,10.96923076923077,50,5.23
Pioneer Square,15,0.448,5.175824872085068,9.04385026737968,3.954537754893435,11.304812834224599,49,5.18
Pioneer Square,16,0.4519,5.265889508289352,9.06236559139785,3.90565724086834,11.327956989247312,49,5.27
Pioneer Square,17,0.4195,4.934803401255393,9.06236559139785,4.199902977329885,11.327956989247312,49,4.93
Roosevelt,8,0.1508,1.4001802662393688,6.628571428571429,5.22839116233206,8.285714285714286,9,1.4
Roosevelt,9,0.3249,2.898095238095238,6.628571428571429,3.7714285714285714,8.285714285714286,9,2.9
Roosevelt,10,0.3643,3.3582513661202182,6.628571428571429,3.2965105386416864,8.285714285714286,9,3.36
Roosevelt,11,0.4149,3.7468506216277855,6.628571428571429,2.942196997419834,8.285714285714286,9,3.75
Roosevelt,12,0.375,3.304379391100703,6.628571428571429,3.3603825136612024,8.285714285714286,9,3.3
Roosevelt,13,0.3506,3.0436924277907886,6.628571428571429,3.6644028103044497,8.285714285714286,9,3.04
Roosevelt,14,0.3407,2.940694769711163,6.628571428571429,3.6907338017174083,8.285714285714286,9,2.94
Roosevelt,15,0.3473,2.9775546032853324,6.628571428571429,3.6898516783762694,8.285714285714286,9,2.98
Roosevelt,16,0.3415,2.9438095238095237,6.628571428571429,3.684761904761906,8.285714285714286,9,2.94
Roosevelt,17,0.3545,3.0204415011037526,6.628571428571429,3.639082308420057,8.285714285714286,9,3.02
Roosevelt,18,0.3708,3.1679469164715064,6.628571428571429,3.4606245120999226,8.285714285714286,9,3.17
Roosevelt,19,0.3162,2.5988446526151443,6.628571428571429,4.029726775956284,8.285714285714286,9,2.6
South Lake Union,8,0.1756,2.043789627078749,9.935632183908046,7.89679147126097,12.419540229885058,140,2.04
South Lake Union,9,0.2541,2.9878947138163885,9.918181818181818,6.941398215476541,12.397727272727273,140,2.99
South Lake Union,10,0.2842,3.4156368384121296,9.918181818181818,6.521144627563416,12.397727272727273,140,3.42
South Lake Union,11,0.3048,3.7238206422543367,9.918181818181818,6.227094761786067,12.397727272727273,140,3.72
South Lake Union,12,0.3093,3.7632148884660777,9.922117202268431,6.195417751735562,12.40264650283554,140,3.76
South Lake Union,13,0.2865,3.5349349424320664,9.936363636363637,6.439662466079277,12.420454545454545,140,3.53
South Lake Union,14,0.2435,3.0001782241495825,9.922117202268431,6.936431731742037,12.40264650283554,140,3.0
South Lake Union,15,0.2207,2.6212977884341093,9.965714285714286,7.357231312094992,12.457142857142857,140,2.62
South Lake Union,16,0.2037,2.3125323128401463,9.950476190476191,7.649689909382076,12.438095238095238,140,2.31
South Lake Union,17,0.1892,2.112541766365932,9.963218390804599,7.86217087731223,12.454022988505747,140,2.11
University District,8,0.1388,1.9696034769689033,11.766037735849057,9.79682734064116,14.70754716981132,54,1.97
University District,9,0.2303,3.2972376195243958,11.760747663551403,8.463510044027007,14.700934579439252,54,3.3
University District,10,0.2813,4.024807142125346,11.760747663551403,7.753230241052225,14.700934579439252,54,4.02
University District,11,0.3413,4.830053423387652,11.760747663551403,6.975554053247862,14.700934579439252,54,4.83
University District,12,0.354,5.0429085457862675,11.760747663551403,6.736374943310305,14.700934579439252,54,5.04
University District,13,0.354,5.105830010061876,11.760747663551403,6.6887490868536705,14.700934579439252,54,5.11
University District,14,0.3419,4.834126288126315,11.760747663551403,6.95903768010676,14.700934579439252,54,4.83
University District,15,0.3089,4.526782957619625,11.760747663551403,7.287045333795194,14.700934579439252,54,4.53
University District,16,0.275,4.146086247866646,11.760747663551403,7.638025901666066,14.700934579439252,54,4.15
University District,17,0.2832,4.164627833313427,11.760747663551403,7.6119297990853285,14.700934579439252,54,4.16
University District,18,0.3002,4.506777239686981,12.000000000000002,7.5429458493462205,15.0,36,4.51
University District,19,0.2884,4.286593521733495,12.000000000000002,7.728350639144581,15.0,36,4.29
Uptown,8,0.1209,1.1508365292369973,7.6651757188498415,6.514978167248626,9.581469648562301,83,1.15
Uptown,9,0.1948,1.8546805190610847,7.623529411764706,5.789282329236129,9.529411764705882,83,1.85
Uptown,10,0.2578,2.4770738090111837,7.619753086419753,5.16958256958964,9.524691358024691,84,2.48
Uptown,11,0.3064,2.9518615565042983,7.639263803680982,4.728004753768177,9.549079754601227,84,2.95
Uptown,12,0.3104,3.068029092159436,7.592592592592593,4.57072772130167,9.49074074074074,84,3.07
Uptown,13,0.3061,3.085570169482399,7.596284829721363,4.548691956420594,9.495356037151703,84,3.09
Uptown,14,0.3027,2.9969171258340226,7.609937888198758,4.64422176022646,9.512422360248447,84,3.0
Uptown,15,0.3198,3.124435410628962,7.646984126984128,4.551396709600788,9.558730158730159,84,3.12
Uptown,16,0.3412,3.2994694871318364,7.645283018867925,4.393200719418667,9.556603773584905,84,3.3
Uptown,17,0.3476,3.3618191957295656,7.638871473354232,4.301303257931156,9.54858934169279,84,3.36
Uptown,18,0.4014,3.988045137899303,7.638871473354232,3.7298696370408475,9.54858934169279,84,3.99
Uptown,19,0.4626,4.500605592795183,7.5756097560975615,3.226397742639542,9.46951219512195,84,4.5
Uptown Triangle,8,0.4774,6.832997057587221,11.815384615384618,5.335592686002523,14.76923076923077,13,6.83
Uptown Triangle,9,0.465,6.888495628369834,11.815384615384618,5.065030012655807,14.76923076923077,13,6.89
Uptown Triangle,10,0.5049,7.74316502700153,11.815384615384618,4.226386255049753,14.76923076923077,13,7.74
Uptown Triangle,11,0.5757,8.857540016684847,11.815384615384618,3.179040479321878,14.76923076923077,13,8.86
Uptown Triangle,12,0.5791,9.068589743589744,11.815384615384618,3.0237179487179495,14.76923076923077,13,9.07
Uptown Triangle,13,0.6102,9.439965536909964,11.815384615384618,2.648733067247219,14.76923076923077,13,9.44
Uptown Triangle,14,0.6407,9.693691636746443,11.815384615384618,2.458807101264662,14.76923076923077,13,9.69
Uptown Triangle,15,0.6149,9.142467676782964,11.815384615384618,3.0139759921607063,14.76923076923077,13,9.14
Uptown Triangle,16,0.5652,8.20000206373747,11.815384615384618,3.862220472719554,14.76923076923077,13,8.2
Uptown Triangle,17,0.5086,7.476947681085564,11.815384615384618,4.582347190709307,14.76923076923077,13,7.48
Westlake Ave N,9,0.2016,10.521162280701754,46.733333333333334,36.21217105263158,58.416666666666664,12,10.52
Westlake Ave N,10,0.2755,14.43066520467836,46.733333333333334,32.30266812865497,58.416666666666664,12,14.43
Westlake Ave N,11,0.3155,16.792105263157893,46.733333333333334,29.969468810916183,58.416666666666664,12,16.79
Westlake Ave N,12,0.3325,18.120492202729043,46.733333333333334,28.661915204678362,58.416666666666664,12,18.12
Westlake Ave N,13,0.3358,18.394249512670562,46.733333333333334,28.38723196881092,58.416666666666664,12,18.39
Westlake Ave N,14,0.3116,17.152205165692006,46.733333333333334,29.605665204678367,58.416666666666664,12,17.15
Westlake Ave N,15,0.2621,14.353508771929825,46.733333333333334,32.37982456140352,58.416666666666664,12,14.35
